id,action,timestamp,user_id,ticket_id
5,Ticket reassigned from Limuel Ongtingco to Zxakira Napoles by Limuel Ongtingco.,2025-10-24 02:51:38.574728,1.0,2
6,Status changed from Open to Open by Limuel Ongtingco. Remark: Ticket for Kira,2025-10-24 02:51:38.574732,1.0,2
7,Ticket created by Limuel Ongtingco,2025-10-24 02:52:19.350562,1.0,3
8,Ticket auto-assigned to Limuel Ongtingco,2025-10-24 02:52:19.363067,1.0,3
9,Ticket created by Limuel Ongtingco,2025-10-24 02:52:39.202412,1.0,4
10,Ticket auto-assigned to Sophia Paloma,2025-10-24 02:52:39.206494,1.0,4
11,RT Ticket Number '1421' added by Limuel Ongtingco.,2025-10-24 06:19:28.413906,4.0,3
12,Ticket created by Limuel Ongtingco,2025-10-24 07:55:08.990303,1.0,5
13,Ticket auto-assigned to Limuel Ongtingco,2025-10-24 07:55:09.091532,1.0,5
14,Ticket status automatically changed to Open by Limuel Ongtingco viewing it.,2025-10-24 07:55:43.434984,4.0,5
15,RT Ticket Number '1425' added by Limuel Ongtingco.,2025-10-24 07:56:05.279065,4.0,5
16,Remark added by Limuel Ongtingco: Payment received and verified. Client has an outstanding balance,2025-10-24 08:05:13.094306,4.0,3
17,Status changed from Open to Resolved by Limuel Ongtingco.,2025-10-24 08:05:13.094310,4.0,3
18,RT Ticket Number '1419' added by Zxakira Napoles.,2025-10-24 08:06:16.853330,3.0,2
19,Remark added by Zxakira Napoles: Doneeeeeee,2025-10-24 08:06:16.853334,3.0,2
20,Status changed from Open to Resolved by Zxakira Napoles.,2025-10-24 08:06:16.853336,3.0,2
21,Status changed from Open to Resolved by Limuel Ongtingco.,2025-10-24 08:07:08.610444,1.0,1
22,Status changed from Open to Resolved by Limuel Ongtingco.,2025-10-24 08:07:44.543116,1.0,4
23,RT Ticket Number '1423' added by Limuel Ongtingco.,2025-10-24 08:09:58.375257,1.0,4
24,RT Ticket Number '1417' added by Limuel Ongtingco.,2025-10-24 08:10:06.676705,1.0,1
25,Ticket created by Limuel Ongtingco,2025-10-26 23:54:16.700650,1.0,6
26,Ticket auto-assigned to Sophia Paloma,2025-10-26 23:54:16.710374,1.0,6
27,Ticket status automatically changed to Open by Sophia Paloma viewing it.,2025-10-26 23:57:11.231798,5.0,6
28,Ticket created by Limuel Ongtingco,2025-10-26 23:58:17.008415,1.0,7
29,Ticket auto-assigned to Zxakira Napoles,2025-10-26 23:58:17.015229,1.0,7
30,Ticket created by Limuel Ongtingco,2025-10-27 00:00:36.347313,1.0,8
31,Ticket auto-assigned to Zxakira Napoles,2025-10-27 00:00:36.354633,1.0,8
34,Ticket created by Limuel Ongtingco,2025-10-27 00:03:02.842104,1.0,10
35,Ticket auto-assigned to Zxakira Napoles,2025-10-27 00:03:02.902296,1.0,10
36,Ticket reassigned from Zxakira Napoles to Limuel Ongtingco by Limuel Ongtingco.,2025-10-27 00:04:17.924109,1.0,10
37,Ticket status automatically changed to Open by Zxakira Napoles viewing it.,2025-10-27 00:04:30.840421,3.0,7
38,Ticket created by Limuel Ongtingco,2025-10-27 00:05:11.875317,1.0,11
39,Ticket auto-assigned to Sophia Paloma,2025-10-27 00:05:11.891740,1.0,11
40,Ticket created by Limuel Ongtingco,2025-10-27 00:06:41.090302,1.0,12
41,Ticket auto-assigned to Sophia Paloma,2025-10-27 00:06:41.162107,1.0,12
42,Ticket created by Limuel Ongtingco,2025-10-27 00:07:38.516884,1.0,13
43,Ticket auto-assigned to Sophia Paloma,2025-10-27 00:07:38.535348,1.0,13
44,Ticket reassigned from Sophia Paloma to Limuel Ongtingco by Limuel Ongtingco.,2025-10-27 00:07:44.261665,1.0,13
45,RT Ticket Number '1427' added by Limuel Ongtingco.,2025-10-27 00:08:13.903325,1.0,6
46,Ticket created by Limuel Ongtingco,2025-10-27 00:09:43.501262,1.0,14
47,Ticket auto-assigned to Sophia Paloma,2025-10-27 00:09:43.504880,1.0,14
48,Ticket status automatically changed to Open by Sophia Paloma viewing it.,2025-10-27 00:10:43.208552,5.0,14
49,Ticket created by Limuel Ongtingco,2025-10-27 00:10:54.883654,1.0,15
50,Ticket auto-assigned to Limuel Ongtingco,2025-10-27 00:10:54.893503,1.0,15
51,RT Ticket Number '1429' added by Zxakira Napoles.,2025-10-27 00:11:28.071110,3.0,7
52,Remark added by Zxakira Napoles: Waiting for verification,2025-10-27 00:11:28.071114,3.0,7
53,Ticket status automatically changed to Open by Zxakira Napoles viewing it.,2025-10-27 00:12:17.021398,3.0,8
54,Status changed from Open to New by Sophia Paloma.,2025-10-27 00:12:25.449344,5.0,14
55,Ticket status automatically changed to Open by Sophia Paloma viewing it.,2025-10-27 00:12:25.583384,5.0,14
56,Ticket status automatically changed to Open by Sophia Paloma viewing it.,2025-10-27 00:12:50.839488,5.0,12
57,Ticket created by Limuel Ongtingco,2025-10-27 00:14:22.993773,1.0,16
58,Ticket auto-assigned to Limuel Ongtingco,2025-10-27 00:14:23.001098,1.0,16
59,Ticket created by Limuel Ongtingco,2025-10-27 00:15:23.293029,1.0,17
60,Ticket auto-assigned to Limuel Ongtingco,2025-10-27 00:15:23.304560,1.0,17
61,Ticket reassigned from Limuel Ongtingco to Zxakira Napoles by Limuel Ongtingco.,2025-10-27 00:15:45.071424,1.0,16
62,Ticket status automatically changed to Open by Sophia Paloma viewing it.,2025-10-27 00:16:46.266146,5.0,11
63,RT Ticket Number '1431' added by Limuel Ongtingco.,2025-10-27 00:16:46.689323,1.0,8
64,Ticket reassigned from Limuel Ongtingco to Sophia Paloma by Limuel Ongtingco.,2025-10-27 00:18:04.645363,1.0,17
65,Remark added by Zxakira Napoles: Waiting for verification,2025-10-27 00:19:05.945498,3.0,8
66,Ticket created by Limuel Ongtingco,2025-10-27 00:20:18.593418,1.0,18
67,Ticket auto-assigned to Limuel Ongtingco,2025-10-27 00:20:18.598539,1.0,18
68,Ticket created by Limuel Ongtingco,2025-10-27 00:20:37.247358,1.0,19
69,Ticket auto-assigned to Limuel Ongtingco,2025-10-27 00:20:37.256231,1.0,19
70,Ticket created by Limuel Ongtingco,2025-10-27 00:23:05.514254,1.0,20
71,Ticket auto-assigned to Limuel Ongtingco,2025-10-27 00:23:05.525471,1.0,20
72,Ticket reassigned from Limuel Ongtingco to Zxakira Napoles by Limuel Ongtingco.,2025-10-27 00:23:19.247435,1.0,20
73,Ticket created by Limuel Ongtingco,2025-10-27 00:25:23.350852,1.0,21
74,Ticket auto-assigned to Limuel Ongtingco,2025-10-27 00:25:23.367451,1.0,21
75,Ticket reassigned from Limuel Ongtingco to Sophia Paloma by Limuel Ongtingco.,2025-10-27 00:25:30.031628,1.0,21
76,Ticket status automatically changed to Open by Zxakira Napoles viewing it.,2025-10-27 00:31:25.575825,3.0,20
77,Remark added by Limuel Ongtingco: Jochelle Pura,2025-10-27 00:34:09.905055,1.0,16
78,Ticket status automatically changed to Open by Sophia Paloma viewing it.,2025-10-27 00:35:47.222650,5.0,21
79,Ticket created by Limuel Ongtingco,2025-10-27 00:38:04.903273,1.0,22
80,Ticket auto-assigned to Limuel Ongtingco,2025-10-27 00:38:04.908021,1.0,22
81,Remark added by Zxakira Napoles: Email sent,2025-10-27 00:38:29.051115,3.0,20
82,Ticket status automatically changed to Open by Zxakira Napoles viewing it.,2025-10-27 00:38:35.805138,3.0,16
83,Ticket created by Limuel Ongtingco,2025-10-27 00:38:40.171410,1.0,23
84,Ticket auto-assigned to Limuel Ongtingco,2025-10-27 00:38:40.192772,1.0,23
85,Ticket reassigned from Limuel Ongtingco to Sophia Paloma by Limuel Ongtingco.,2025-10-27 00:38:46.207602,1.0,23
86,Ticket created by Limuel Ongtingco,2025-10-27 00:39:31.693795,1.0,24
87,Ticket auto-assigned to Limuel Ongtingco,2025-10-27 00:39:31.698985,1.0,24
88,Ticket reassigned from Limuel Ongtingco to Zxakira Napoles by Limuel Ongtingco.,2025-10-27 00:39:37.442782,1.0,24
89,Remark added by Sophia Paloma: Advisory Email Sent,2025-10-27 00:40:41.458709,5.0,21
90,Ticket reassigned from Limuel Ongtingco to Zxakira Napoles by Limuel Ongtingco.,2025-10-27 00:40:51.046119,1.0,22
91,Remark added by Sophia Paloma: Advisory Email Sent,2025-10-27 00:40:51.153318,5.0,21
92,Ticket status automatically changed to Open by Sophia Paloma viewing it.,2025-10-27 00:41:03.237709,5.0,23
93,Remark added by Sophia Paloma: Advisory email sent. ,2025-10-27 00:43:33.180526,5.0,23
94,Ticket status automatically changed to Open by Sophia Paloma viewing it.,2025-10-27 00:43:40.023279,5.0,17
95,Ticket created by Limuel Ongtingco,2025-10-27 00:43:48.411067,1.0,25
96,Ticket auto-assigned to Limuel Ongtingco,2025-10-27 00:43:48.415272,1.0,25
97,Ticket reassigned from Limuel Ongtingco to Sophia Paloma by Limuel Ongtingco.,2025-10-27 00:44:17.718251,1.0,19
98,Remark added by Zxakira Napoles: email sent,2025-10-27 00:44:44.119704,3.0,16
99,Ticket status automatically changed to Open by Zxakira Napoles viewing it.,2025-10-27 00:44:53.649588,3.0,22
100,"Remark added by Zxakira Napoles: email sent, waiting for an update.",2025-10-27 00:45:04.468378,3.0,22
101,"Remark added by Zxakira Napoles: email sent, waiting for an update.",2025-10-27 00:46:00.934448,3.0,22
102,Ticket status automatically changed to Open by Zxakira Napoles viewing it.,2025-10-27 00:46:12.189874,3.0,24
103,Ticket created by Limuel Ongtingco,2025-10-27 00:48:45.746733,1.0,26
104,Ticket auto-assigned to Limuel Ongtingco,2025-10-27 00:48:45.756810,1.0,26
105,Ticket reassigned from Limuel Ongtingco to Zxakira Napoles by Limuel Ongtingco.,2025-10-27 00:48:50.577359,1.0,26
106,Ticket status automatically changed to Open by Zxakira Napoles viewing it.,2025-10-27 00:50:24.548913,3.0,26
107,Ticket status automatically changed to Open by Limuel Ongtingco viewing it.,2025-10-27 00:51:11.193043,4.0,10
108,RT Ticket Number '1440' added by Zxakira Napoles.,2025-10-27 00:55:09.663693,3.0,26
109,Remark added by Zxakira Napoles: Ticket created since the issue remains the same.,2025-10-27 00:55:09.663697,3.0,26
110,RT Ticket Number '1437' added by Sophia Paloma.,2025-10-27 00:56:50.454658,5.0,17
111,Ticket status automatically changed to Open by Sophia Paloma viewing it.,2025-10-27 00:59:28.032654,5.0,19
112,RT Ticket Number '1442' added by Zxakira Napoles.,2025-10-27 00:59:49.642299,3.0,22
113,Remark added by Zxakira Napoles: ticket created since the issue remains the same as of 10/27/2025,2025-10-27 00:59:49.642302,3.0,22
114,Remark added by Sophia Paloma: Advisory email sent. ,2025-10-27 00:59:55.570146,5.0,19
115,RT Ticket Number '1327' added by Limuel Ongtingco.,2025-10-27 01:01:51.931158,4.0,10
116,Status changed from Open to Resolved by Limuel Ongtingco.,2025-10-27 01:01:51.931163,4.0,10
117,Ticket status automatically changed to Open by Limuel Ongtingco viewing it.,2025-10-27 01:01:58.781707,4.0,13
118,RT Ticket Number '1445' added by Limuel Ongtingco.,2025-10-27 01:06:39.729895,4.0,13
119,Status changed from Open to In Progress by Limuel Ongtingco.,2025-10-27 01:06:39.729900,4.0,13
120,Status changed from Open to In Progress by Limuel Ongtingco.,2025-10-27 01:06:52.454705,4.0,5
121,Status changed from Open to In Progress by Limuel Ongtingco.,2025-10-27 01:09:10.820508,1.0,26
122,Status changed from Open to In Progress by Limuel Ongtingco.,2025-10-27 01:09:21.618226,1.0,22
123,Status changed from Open to In Progress by Limuel Ongtingco.,2025-10-27 01:09:48.735410,1.0,17
124,RT Ticket Number '1446' added by Sophia Paloma.,2025-10-27 01:09:55.804854,5.0,14
125,Status changed from Open to In Progress by Sophia Paloma.,2025-10-27 01:09:55.804857,5.0,14
126,Status changed from Open to In Progress by Sophia Paloma.,2025-10-27 01:10:05.197161,5.0,6
127,Status changed from Open to In Progress by Limuel Ongtingco.,2025-10-27 01:10:23.533508,1.0,7
128,Status changed from Open to In Progress by Limuel Ongtingco.,2025-10-27 01:10:31.866679,1.0,8
129,RT Ticket Number '1432' added by Sophia Paloma.,2025-10-27 01:10:42.531027,5.0,12
130,Status changed from Open to In Progress by Sophia Paloma.,2025-10-27 01:10:42.531032,5.0,12
131,RT Ticket Number '1435' added by Limuel Ongtingco.,2025-10-27 01:11:06.178360,1.0,11
132,Status changed from Open to In Progress by Limuel Ongtingco.,2025-10-27 01:11:06.178366,1.0,11
133,RT Ticket Number changed from '1435' to '1434' by Sophia Paloma.,2025-10-27 01:11:16.284251,5.0,11
134,Ticket status automatically changed to Open by Limuel Ongtingco viewing it.,2025-10-27 01:14:06.009882,4.0,15
135,RT Ticket Number '1447' added by Sophia Paloma.,2025-10-27 01:17:00.433336,5.0,21
136,Status changed from Open to In Progress by Sophia Paloma.,2025-10-27 01:17:00.433340,5.0,21
137,RT Ticket Number '1450' added by Zxakira Napoles.,2025-10-27 01:21:13.879726,3.0,24
138,Remark added by Zxakira Napoles: ticket created since the issue remains the same as of 10/27/2025,2025-10-27 01:21:13.879731,3.0,24
139,Ticket created by Limuel Ongtingco,2025-10-27 01:43:27.245680,1.0,27
140,Ticket auto-assigned to Limuel Ongtingco,2025-10-27 01:43:27.253117,1.0,27
141,Ticket created by Limuel Ongtingco,2025-10-27 01:48:34.649293,1.0,28
142,Ticket auto-assigned to Limuel Ongtingco,2025-10-27 01:48:34.653328,1.0,28
143,Ticket reassigned from Limuel Ongtingco to Zxakira Napoles by Limuel Ongtingco.,2025-10-27 01:48:46.284644,1.0,28
144,Ticket status automatically changed to Open by Zxakira Napoles viewing it.,2025-10-27 01:49:18.204103,3.0,28
145,RT Ticket Number '1452' added by Zxakira Napoles.,2025-10-27 01:53:30.464481,3.0,28
146,RT Ticket Number '1454' added by Limuel Ongtingco.,2025-10-27 01:58:36.367656,4.0,15
147,Status changed from Open to In Progress by Limuel Ongtingco.,2025-10-27 01:58:36.367660,4.0,15
148,Ticket status automatically changed to Open by Limuel Ongtingco viewing it.,2025-10-27 02:00:01.051842,4.0,18
149,Ticket created by Limuel Ongtingco,2025-10-27 02:01:54.093091,1.0,29
150,Ticket auto-assigned to Limuel Ongtingco,2025-10-27 02:01:54.102378,1.0,29
151,Ticket reassigned from Limuel Ongtingco to Sophia Paloma by Limuel Ongtingco.,2025-10-27 02:01:59.085566,1.0,29
152,Ticket status automatically changed to Open by Sophia Paloma viewing it.,2025-10-27 02:02:56.442578,5.0,29
153,Ticket status automatically changed to Open by Limuel Ongtingco viewing it.,2025-10-27 02:04:04.768556,4.0,27
154,RT Ticket Number '1456' added by Sophia Paloma.,2025-10-27 02:06:43.341593,5.0,29
155,Status changed from Open to In Progress by Sophia Paloma.,2025-10-27 02:06:43.341598,5.0,29
156,RT Ticket Number '1458' added by Limuel Ongtingco.,2025-10-27 02:18:21.843652,4.0,27
157,Status changed from Open to In Progress by Limuel Ongtingco.,2025-10-27 02:18:21.843658,4.0,27
158,Ticket status automatically changed to Open by Limuel Ongtingco viewing it.,2025-10-27 02:21:45.629576,4.0,25
159,RT Ticket Number '1460' added by Limuel Ongtingco.,2025-10-27 02:27:14.578558,4.0,25
160,Status changed from Open to In Progress by Limuel Ongtingco.,2025-10-27 02:27:14.578562,4.0,25
161,Status changed from Open to In Progress by Limuel Ongtingco.,2025-10-27 02:33:58.270727,1.0,28
162,Status changed from Open to In Progress by Limuel Ongtingco.,2025-10-27 02:34:11.884510,1.0,24
163,Ticket created by Limuel Ongtingco,2025-10-27 03:06:15.416165,1.0,30
164,Ticket auto-assigned to Limuel Ongtingco,2025-10-27 03:06:15.436743,1.0,30
165,Ticket status automatically changed to Open by Limuel Ongtingco viewing it.,2025-10-27 03:10:46.035412,4.0,30
166,RT Ticket Number '1462' added by Limuel Ongtingco.,2025-10-27 03:19:06.880349,4.0,30
167,Status changed from Open to In Progress by Limuel Ongtingco.,2025-10-27 03:19:06.880354,4.0,30
168,Ticket created by Limuel Ongtingco,2025-10-27 03:35:02.954268,1.0,31
169,Ticket auto-assigned to Limuel Ongtingco,2025-10-27 03:35:02.962335,1.0,31
170,Ticket reassigned from Limuel Ongtingco to Zxakira Napoles by Limuel Ongtingco.,2025-10-27 03:35:11.299527,1.0,31
171,RT Ticket Number '1464' added by Zxakira Napoles.,2025-10-27 03:37:21.940780,3.0,16
172,Ticket status automatically changed to Open by Zxakira Napoles viewing it.,2025-10-27 03:37:48.397619,3.0,31
173,Ticket created by Limuel Ongtingco,2025-10-27 03:39:37.452323,1.0,32
174,Ticket auto-assigned to Limuel Ongtingco,2025-10-27 03:39:37.566447,1.0,32
175,Ticket reassigned from Limuel Ongtingco to Sophia Paloma by Limuel Ongtingco.,2025-10-27 03:39:43.022739,1.0,32
176,Ticket created by Limuel Ongtingco,2025-10-27 03:40:57.805891,1.0,33
177,Ticket auto-assigned to Limuel Ongtingco,2025-10-27 03:40:57.815892,1.0,33
178,Ticket status automatically changed to Open by Limuel Ongtingco viewing it.,2025-10-27 03:41:22.453442,4.0,33
179,Ticket status automatically changed to Open by Sophia Paloma viewing it.,2025-10-27 03:43:27.128868,5.0,32
180,RT Ticket Number '1466' added by Limuel Ongtingco.,2025-10-27 03:43:27.455855,4.0,33
181,Status changed from Open to In Progress by Limuel Ongtingco.,2025-10-27 03:43:27.455860,4.0,33
182,Ticket created by Limuel Ongtingco,2025-10-27 03:50:59.482059,1.0,34
183,Ticket auto-assigned to Limuel Ongtingco,2025-10-27 03:50:59.498318,1.0,34
184,Ticket created by Limuel Ongtingco,2025-10-27 03:51:31.242060,1.0,35
185,Ticket auto-assigned to Limuel Ongtingco,2025-10-27 03:51:31.248554,1.0,35
186,Status changed from Open to In Progress by Sophia Paloma.,2025-10-27 03:53:38.463928,5.0,32
187,RT Ticket Number '1467' added by Sophia Paloma.,2025-10-27 03:54:00.487081,5.0,32
188,Ticket status automatically changed to Open by Limuel Ongtingco viewing it.,2025-10-27 05:14:46.789373,4.0,34
189,Ticket created by Limuel Ongtingco,2025-10-27 05:31:14.042899,1.0,36
190,Ticket auto-assigned to Limuel Ongtingco,2025-10-27 05:31:14.055524,1.0,36
191,Ticket reassigned from Limuel Ongtingco to Sophia Paloma by Limuel Ongtingco.,2025-10-27 05:31:21.301650,1.0,36
192,Ticket status automatically changed to Open by Sophia Paloma viewing it.,2025-10-27 05:31:55.790410,5.0,36
193,Ticket created by Limuel Ongtingco,2025-10-27 05:32:07.513652,1.0,37
194,Ticket auto-assigned to Limuel Ongtingco,2025-10-27 05:32:07.552475,1.0,37
195,RT Ticket Number '1470' added by Zxakira Napoles.,2025-10-27 05:32:34.931483,3.0,20
196,Ticket status automatically changed to Open by Limuel Ongtingco viewing it.,2025-10-27 05:33:36.583530,4.0,37
197,RT Ticket Number '1472' added by Sophia Paloma.,2025-10-27 05:37:24.522458,5.0,36
198,Status changed from Open to In Progress by Sophia Paloma.,2025-10-27 05:37:24.522462,5.0,36
199,RT Ticket Number '1474' added by Limuel Ongtingco.,2025-10-27 05:40:33.195238,4.0,37
200,Status changed from Open to In Progress by Limuel Ongtingco.,2025-10-27 05:40:33.195243,4.0,37
201,RT Ticket Number '1476' added by Limuel Ongtingco.,2025-10-27 05:55:40.576930,4.0,34
202,Status changed from Open to In Progress by Limuel Ongtingco.,2025-10-27 05:55:40.576935,4.0,34
203,Ticket status automatically changed to Open by Limuel Ongtingco viewing it.,2025-10-27 05:55:50.338889,4.0,35
204,Ticket created by Limuel Ongtingco,2025-10-27 06:03:24.553295,1.0,38
205,Ticket auto-assigned to Zxakira Napoles,2025-10-27 06:03:24.573533,1.0,38
206,Ticket status automatically changed to Open by Zxakira Napoles viewing it.,2025-10-27 06:04:02.448495,3.0,38
207,Remark added by Zxakira Napoles: service downtime in Cebu - Ongoing,2025-10-27 06:05:17.989791,3.0,38
208,Status changed from Open to Pending by Zxakira Napoles.,2025-10-27 06:05:17.989796,3.0,38
209,Status changed from Open to Pending by Limuel Ongtingco.,2025-10-27 06:05:20.140417,1.0,35
210,Status changed from Open to Pending by Limuel Ongtingco.,2025-10-27 06:05:32.874645,1.0,31
211,Status changed from Open to Pending by Limuel Ongtingco.,2025-10-27 06:06:02.144602,1.0,23
212,Status changed from Open to In Progress by Limuel Ongtingco.,2025-10-27 06:07:20.611012,1.0,20
213,Status changed from Open to In Progress by Limuel Ongtingco.,2025-10-27 06:07:45.733096,1.0,16
214,Ticket created by Limuel Ongtingco,2025-10-27 06:13:16.736491,1.0,39
215,Ticket auto-assigned to Zxakira Napoles,2025-10-27 06:13:16.742874,1.0,39
216,Ticket status automatically changed to Open by Zxakira Napoles viewing it.,2025-10-27 06:13:40.997114,3.0,39
217,Status changed from Open to Pending by Limuel Ongtingco.,2025-10-27 06:39:11.548025,4.0,18
218,Status changed from In Progress to Resolved by Limuel Ongtingco.,2025-10-27 06:46:31.853901,4.0,33
219,Ticket created by Limuel Ongtingco,2025-10-27 06:52:17.710229,1.0,40
220,Ticket auto-assigned to Limuel Ongtingco,2025-10-27 06:52:17.775174,1.0,40
221,Ticket created by Limuel Ongtingco,2025-10-27 07:14:57.073868,1.0,41
222,Ticket auto-assigned to Limuel Ongtingco,2025-10-27 07:14:57.088417,1.0,41
223,Ticket reassigned from Limuel Ongtingco to Sophia Paloma by Limuel Ongtingco.,2025-10-27 07:15:04.741080,1.0,41
224,Ticket created by Limuel Ongtingco,2025-10-27 07:17:44.521062,1.0,42
225,Ticket auto-assigned to Limuel Ongtingco,2025-10-27 07:17:44.569878,1.0,42
226,Ticket reassigned from Limuel Ongtingco to Zxakira Napoles by Limuel Ongtingco.,2025-10-27 07:17:53.746119,1.0,42
227,RT Ticket Number '1478' added by Limuel Ongtingco.,2025-10-27 07:18:29.280640,1.0,39
228,Status changed from Open to In Progress by Limuel Ongtingco.,2025-10-27 07:18:29.280645,1.0,39
229,Remark added by Zxakira Napoles: Payment Received and Verified.,2025-10-27 07:19:37.753396,3.0,8
230,Status changed from In Progress to Resolved by Zxakira Napoles.,2025-10-27 07:19:37.753402,3.0,8
231,Ticket created by Limuel Ongtingco,2025-10-27 07:19:46.757978,1.0,43
232,Ticket auto-assigned to Limuel Ongtingco,2025-10-27 07:19:46.768616,1.0,43
233,Ticket status automatically changed to Open by Zxakira Napoles viewing it.,2025-10-27 07:19:57.388062,3.0,42
234,Status changed from Open to Pending by Zxakira Napoles.,2025-10-27 07:20:11.106982,3.0,42
235,Ticket status automatically changed to Open by Sophia Paloma viewing it.,2025-10-27 07:29:45.756202,5.0,41
236,Status changed from New to Pending by Limuel Ongtingco.,2025-10-27 07:29:47.338101,1.0,43
237,Remark added by Sophia Paloma: Advisory Email Sent. ,2025-10-27 07:30:00.127266,5.0,41
238,Status changed from Open to Pending by Sophia Paloma.,2025-10-27 07:30:00.127272,5.0,41
239,Status changed from New to Pending by Limuel Ongtingco.,2025-10-27 07:30:00.146881,1.0,40
240,Status changed from Open to Pending by Sophia Paloma.,2025-10-27 07:30:17.964996,5.0,19
241,Ticket created by Limuel Ongtingco,2025-10-27 08:10:13.841785,1.0,44
242,Ticket auto-assigned to Limuel Ongtingco,2025-10-27 08:10:13.845546,1.0,44
243,Ticket reassigned from Limuel Ongtingco to Zxakira Napoles by Limuel Ongtingco.,2025-10-27 08:10:37.563897,1.0,44
244,Ticket status automatically changed to Open by Zxakira Napoles viewing it.,2025-10-27 08:10:51.608188,3.0,44
245,RT Ticket Number '1480' added by Zxakira Napoles.,2025-10-27 08:16:25.518924,3.0,44
246,Remark added by Zxakira Napoles: Waiting for verification,2025-10-27 08:16:25.518929,3.0,44
247,Status changed from Open to In Progress by Limuel Ongtingco.,2025-10-27 09:10:45.627881,1.0,44
248,Ticket created by Limuel Ongtingco,2025-10-27 09:14:55.449000,1.0,45
249,Ticket auto-assigned to Limuel Ongtingco,2025-10-27 09:14:55.465578,1.0,45
250,Ticket reassigned from Limuel Ongtingco to Sophia Paloma by Limuel Ongtingco.,2025-10-27 09:15:04.281129,1.0,45
251,Ticket status automatically changed to Open by Sophia Paloma viewing it.,2025-10-27 09:15:21.165735,5.0,45
252,Remark added by Sophia Paloma: Advisory email sent. ,2025-10-27 09:19:03.731935,5.0,45
253,Status changed from Open to Pending by Sophia Paloma.,2025-10-27 09:19:03.731939,5.0,45
254,RT Ticket Number changed from '1327' to '1425' by Limuel Ongtingco.,2025-10-27 09:25:12.842731,4.0,10
255,RT Ticket Number changed from '1425' to '1327' by Limuel Ongtingco.,2025-10-27 09:25:32.730081,4.0,10
256,Remark added by Limuel Ongtingco: Payment received and verified,2025-10-27 09:33:08.869379,4.0,5
257,Status changed from In Progress to Resolved by Limuel Ongtingco.,2025-10-27 09:33:08.869386,4.0,5
258,Remark added by Limuel Ongtingco: payment received and verified,2025-10-27 09:43:00.732385,4.0,34
259,Status changed from In Progress to Resolved by Limuel Ongtingco.,2025-10-27 09:43:00.732389,4.0,34
260,Ticket created by Limuel Ongtingco,2025-10-27 23:35:50.191005,1.0,46
261,Ticket auto-assigned to Limuel Ongtingco,2025-10-27 23:35:50.263630,1.0,46
262,Ticket created by Limuel Ongtingco,2025-10-27 23:40:32.783436,1.0,47
263,Ticket auto-assigned to Limuel Ongtingco,2025-10-27 23:40:32.791820,1.0,47
264,Ticket reassigned from Limuel Ongtingco to Zxakira Napoles by Limuel Ongtingco.,2025-10-27 23:40:40.395043,1.0,47
265,Ticket created by Limuel Ongtingco,2025-10-27 23:42:48.264913,1.0,48
266,Ticket auto-assigned to Limuel Ongtingco,2025-10-27 23:42:48.279068,1.0,48
267,Ticket reassigned from Limuel Ongtingco to Sophia Paloma by Limuel Ongtingco.,2025-10-27 23:42:53.309244,1.0,48
268,Ticket status automatically changed to Open by Zxakira Napoles viewing it.,2025-10-27 23:43:22.662666,3.0,47
269,Status changed from Pending to Resolved by Sophia Paloma.,2025-10-27 23:59:48.264247,5.0,41
270,Ticket status automatically changed to Open by Sophia Paloma viewing it.,2025-10-28 00:03:29.164587,5.0,48
271,Status changed from Open to Pending by Sophia Paloma.,2025-10-28 00:03:45.793949,5.0,48
272,Status changed from In Progress to Resolved by Sophia Paloma.,2025-10-28 00:04:23.263785,5.0,6
273,"Remark added by Zxakira Napoles: sent an email, waiting for an update.",2025-10-28 00:16:44.007222,3.0,47
274,Ticket status automatically changed to Open by Limuel Ongtingco viewing it.,2025-10-28 00:28:16.125780,4.0,46
275,"Remark added by Limuel Ongtingco: currently colleting data in grafana
",2025-10-28 00:33:01.501883,4.0,46
276,Status changed from In Progress to Resolved by Sophia Paloma.,2025-10-28 01:28:07.460535,5.0,21
277,Ticket created by Limuel Ongtingco,2025-10-28 01:30:56.295389,1.0,49
278,Ticket auto-assigned to Sophia Paloma,2025-10-28 01:30:56.314180,1.0,49
279,Ticket status automatically changed to Open by Sophia Paloma viewing it.,2025-10-28 01:31:14.372187,5.0,49
280,Status changed from Open to In Progress by Sophia Paloma.,2025-10-28 01:34:25.206189,5.0,49
281,Status changed from In Progress to Resolved by Sophia Paloma.,2025-10-28 02:21:04.258644,5.0,49
282,Ticket created by Limuel Ongtingco,2025-10-28 03:35:47.302172,1.0,50
283,Ticket auto-assigned to Sophia Paloma,2025-10-28 03:35:47.363024,1.0,50
284,Ticket reassigned from Sophia Paloma to Limuel Ongtingco by Limuel Ongtingco.,2025-10-28 03:35:58.997804,1.0,50
285,Status changed from Open to Pending by Limuel Ongtingco.,2025-10-28 03:46:39.594586,4.0,46
286,Remark added by Limuel Ongtingco: email sent to the client ,2025-10-28 03:47:30.073718,4.0,37
287,Email log added by Limuel Ongtingco.,2025-10-28 04:01:45.276354,4.0,30
288,Email log added by Limuel Ongtingco.,2025-10-28 04:03:18.238107,4.0,30
289,Ticket created by Limuel Ongtingco,2025-10-28 04:05:20.254191,1.0,51
290,Ticket auto-assigned to Limuel Ongtingco,2025-10-28 04:05:20.262114,1.0,51
291,Ticket status automatically changed to Open by Limuel Ongtingco viewing it.,2025-10-28 04:05:29.246095,4.0,51
292,RT Ticket Number '1484' added by Limuel Ongtingco.,2025-10-28 04:09:47.669118,4.0,51
293,Status changed from Open to In Progress by Limuel Ongtingco.,2025-10-28 04:09:47.669121,4.0,51
294,Ticket created by Limuel Ongtingco,2025-10-28 04:54:25.359644,1.0,52
295,Ticket auto-assigned to Sophia Paloma,2025-10-28 04:54:25.384791,1.0,52
296,Ticket status automatically changed to Open by Sophia Paloma viewing it.,2025-10-28 04:54:36.090587,5.0,52
297,Ticket status automatically changed to Open by Limuel Ongtingco viewing it.,2025-10-28 04:55:35.810968,4.0,50
298,Status changed from Open to In Progress by Sophia Paloma.,2025-10-28 04:58:35.101489,5.0,52
299,RT Ticket Number '1490' added by Limuel Ongtingco.,2025-10-28 05:02:39.033258,4.0,50
300,Status changed from Open to In Progress by Limuel Ongtingco.,2025-10-28 05:02:39.033264,4.0,50
301,Ticket created by Limuel Ongtingco,2025-10-28 05:08:04.558653,1.0,53
302,Ticket auto-assigned to Sophia Paloma,2025-10-28 05:08:04.567638,1.0,53
303,Ticket status automatically changed to Open by Sophia Paloma viewing it.,2025-10-28 05:08:15.413876,5.0,53
304,RT Ticket Number '1486' added by Limuel Ongtingco.,2025-10-28 05:08:22.197488,1.0,53
305,Status changed from Open to In Progress by Limuel Ongtingco.,2025-10-28 05:08:22.197492,1.0,53
306,RT Ticket Number '1486' removed by Sophia Paloma.,2025-10-28 05:08:25.642779,5.0,53
307,RT Ticket Number '1488' added by Limuel Ongtingco.,2025-10-28 05:08:57.344521,1.0,52
308,Ticket created by Limuel Ongtingco,2025-10-28 05:13:20.000732,1.0,54
309,Ticket auto-assigned to Limuel Ongtingco,2025-10-28 05:13:20.015711,1.0,54
310,Ticket reassigned from Limuel Ongtingco to Zxakira Napoles by Limuel Ongtingco.,2025-10-28 05:13:25.518515,1.0,54
311,Ticket status automatically changed to Open by Zxakira Napoles viewing it.,2025-10-28 05:13:59.181562,3.0,54
312,RT Ticket Number '1486' added by Sophia Paloma.,2025-10-28 05:14:01.314318,5.0,53
313,RT Ticket Number '1492' added by Limuel Ongtingco.,2025-10-28 05:19:28.994505,1.0,54
314,Status changed from Open to In Progress by Limuel Ongtingco.,2025-10-28 05:19:28.994509,1.0,54
315,RT Ticket Number '1482' added by Limuel Ongtingco.,2025-10-28 05:20:51.661633,1.0,49
316,Status changed from In Progress to Open by Zxakira Napoles.,2025-10-28 05:26:21.454748,3.0,54
317,Email log added by Limuel Ongtingco.,2025-10-28 05:27:45.543440,4.0,27
318,Email log added by Limuel Ongtingco.,2025-10-28 05:30:58.740815,4.0,15
319,RT Ticket Number '1494' added by Limuel Ongtingco.,2025-10-28 05:39:44.844368,4.0,46
320,Status changed from Pending to In Progress by Limuel Ongtingco.,2025-10-28 05:39:47.395621,4.0,46
321,Email log added by Limuel Ongtingco.,2025-10-28 06:01:54.849141,4.0,40
322,Email log added by Limuel Ongtingco.,2025-10-28 06:07:29.574439,4.0,40
323,Email log added by Limuel Ongtingco.,2025-10-28 06:13:23.396070,4.0,43
324,Email log added by Limuel Ongtingco.,2025-10-28 06:16:11.284954,4.0,18
325,Email log added by Limuel Ongtingco.,2025-10-28 06:18:36.288460,4.0,35
326,"Remark added by Sophia Paloma: josephinemangaron@gmail.com
",2025-10-28 06:22:33.653508,5.0,17
327,Ticket created by Limuel Ongtingco,2025-10-28 06:31:20.881138,1.0,55
328,Ticket auto-assigned to Sophia Paloma,2025-10-28 06:31:21.283916,1.0,55
329,Ticket status automatically changed to Open by Sophia Paloma viewing it.,2025-10-28 06:31:40.069439,5.0,55
330,Status changed from Open to In Progress by Sophia Paloma.,2025-10-28 06:31:42.920541,5.0,55
331,Status changed from Open to In Progress by Limuel Ongtingco.,2025-10-28 06:31:50.030199,1.0,54
332,Email log added by Limuel Ongtingco.,2025-10-28 06:34:49.582030,4.0,35
333,Status changed from Pending to Resolved by Limuel Ongtingco.,2025-10-28 06:34:53.038379,4.0,35
334,RT Ticket Number '1496' added by Limuel Ongtingco.,2025-10-28 06:35:38.837385,1.0,55
335,Remark added by Limuel Ongtingco: unverified by sir dennis,2025-10-28 06:36:58.826757,1.0,7
336,Email log added by Limuel Ongtingco.,2025-10-28 06:38:14.459577,1.0,16
337,Email log added by Limuel Ongtingco.,2025-10-28 06:42:36.581859,1.0,22
338,Status changed from In Progress to Resolved by Limuel Ongtingco.,2025-10-28 06:42:42.309220,1.0,22
339,Status changed from Pending to Resolved by Sophia Paloma.,2025-10-28 07:01:52.978535,5.0,19
340,Email log added by Limuel Ongtingco.,2025-10-28 07:09:27.982008,4.0,18
341,Status changed from Pending to Resolved by Limuel Ongtingco.,2025-10-28 07:09:35.081110,4.0,18
342,Remark added by Limuel Ongtingco: Rebate Request Applied,2025-10-28 07:21:35.167602,4.0,46
343,Status changed from In Progress to Resolved by Limuel Ongtingco.,2025-10-28 07:21:35.167605,4.0,46
344,Email log added by Limuel Ongtingco.,2025-10-28 08:04:32.932851,1.0,16
345,Email log added by Limuel Ongtingco.,2025-10-28 08:04:51.681236,1.0,16
346,RT Ticket Number '1371' added by Zxakira Napoles.,2025-10-28 08:26:30.973122,3.0,42
347,Remark added by Zxakira Napoles: Ticket has been resolved. Client's connection is now working.,2025-10-28 08:26:31.004737,3.0,42
348,Status changed from Pending to Resolved by Zxakira Napoles.,2025-10-28 08:26:31.004744,3.0,42
349,Remark added by Zxakira Napoles: Payment Verified,2025-10-28 08:26:47.979185,3.0,44
350,Status changed from In Progress to Resolved by Zxakira Napoles.,2025-10-28 08:26:47.979189,3.0,44
351,Status changed from Open to Pending by Limuel Ongtingco.,2025-10-28 08:38:35.680262,1.0,47
352,"Remark added by Limuel Ongtingco: resolved
",2025-10-28 09:14:15.370828,1.0,21
353,Ticket created by Limuel Ongtingco,2025-10-28 23:07:30.698464,1.0,56
354,Ticket auto-assigned to Limuel Ongtingco,2025-10-28 23:07:30.728473,1.0,56
355,Ticket created by Limuel Ongtingco,2025-10-28 23:08:38.235177,1.0,57
356,Ticket auto-assigned to Limuel Ongtingco,2025-10-28 23:08:38.247239,1.0,57
357,Ticket created by Limuel Ongtingco,2025-10-28 23:09:47.595890,1.0,58
358,Ticket auto-assigned to Limuel Ongtingco,2025-10-28 23:09:47.603830,1.0,58
359,Ticket created by Limuel Ongtingco,2025-10-28 23:10:31.155991,1.0,59
360,Ticket auto-assigned to Limuel Ongtingco,2025-10-28 23:10:31.159795,1.0,59
361,Ticket reassigned from Limuel Ongtingco to Zxakira Napoles by Limuel Ongtingco.,2025-10-28 23:10:42.101171,1.0,57
362,Ticket reassigned from Limuel Ongtingco to Sophia Paloma by Limuel Ongtingco.,2025-10-28 23:10:52.628062,1.0,58
363,Ticket status automatically changed to Open by Limuel Ongtingco viewing it.,2025-10-28 23:12:11.722597,4.0,56
364,Ticket status automatically changed to Open by Zxakira Napoles viewing it.,2025-10-28 23:12:20.975172,3.0,57
365,Status changed from Open to Pending by Zxakira Napoles.,2025-10-28 23:13:36.789026,3.0,57
366,Ticket status automatically changed to Open by Sophia Paloma viewing it.,2025-10-28 23:15:29.331435,5.0,58
367,RT Ticket Number '1498' added by Limuel Ongtingco.,2025-10-28 23:21:38.437446,4.0,56
368,Status changed from Open to In Progress by Limuel Ongtingco.,2025-10-28 23:21:38.437465,4.0,56
369,Ticket status automatically changed to Open by Limuel Ongtingco viewing it.,2025-10-28 23:22:01.434971,4.0,59
370,Remark added by Limuel Ongtingco: Payment received and verified,2025-10-28 23:47:16.824319,4.0,50
371,Status changed from In Progress to Resolved by Limuel Ongtingco.,2025-10-28 23:47:16.824325,4.0,50
372,Remark added by Zxakira Napoles: Connection is now stable but the promised 100mbps is not anymore allocation.,2025-10-28 23:53:33.808245,3.0,24
373,Status changed from In Progress to Resolved by Zxakira Napoles.,2025-10-28 23:53:33.808250,3.0,24
374,Email log added by Zxakira Napoles.,2025-10-28 23:54:33.903143,3.0,24
375,RT Ticket Number '1500' added by Limuel Ongtingco.,2025-10-29 00:18:08.068504,4.0,59
376,Status changed from Open to In Progress by Limuel Ongtingco.,2025-10-29 00:18:08.068510,4.0,59
377,Status changed from Open to In Progress by Sophia Paloma.,2025-10-29 00:30:47.584798,5.0,58
378,Email log added by Limuel Ongtingco.,2025-10-29 00:50:31.734612,1.0,58
379,Email log added by Limuel Ongtingco.,2025-10-29 00:51:05.038202,1.0,58
380,Email log added by Limuel Ongtingco.,2025-10-29 00:51:24.955072,1.0,58
381,Email log added by Limuel Ongtingco.,2025-10-29 01:43:14.091195,4.0,27
382,"Remark added by Limuel Ongtingco: updated the ticket in RT
",2025-10-29 01:43:28.327890,4.0,27
383,"Remark added by Zxakira Napoles: Email sent [10/29/2025], waiting for an update.",2025-10-29 01:55:57.358427,3.0,47
384,Email log added by Zxakira Napoles.,2025-10-29 02:02:52.049429,3.0,38
385,Status changed from Pending to Resolved by Zxakira Napoles.,2025-10-29 02:03:19.943624,3.0,38
386,RT Ticket Number '1503' added by Limuel Ongtingco.,2025-10-29 02:15:18.806346,1.0,58
387,"Remark added by Zxakira Napoles: Email sent, waiting for an update",2025-10-29 02:15:35.558429,3.0,54
388,Email log added by Limuel Ongtingco.,2025-10-29 02:30:26.626672,1.0,54
389,"Remark added by Limuel Ongtingco: service invoice has been processed
email sent to the client",2025-10-29 03:18:31.923167,4.0,25
390,Status changed from In Progress to Resolved by Limuel Ongtingco.,2025-10-29 03:18:31.923171,4.0,25
391,Ticket created by Limuel Ongtingco,2025-10-29 03:34:52.893578,1.0,60
392,Ticket auto-assigned to Zxakira Napoles,2025-10-29 03:34:53.207062,1.0,60
393,RT Ticket Number '1505' added by Limuel Ongtingco.,2025-10-29 03:35:13.925514,1.0,60
394,Status changed from New to In Progress by Limuel Ongtingco.,2025-10-29 03:35:13.925519,1.0,60
395,Status changed from In Progress to Resolved by Sophia Paloma.,2025-10-29 03:36:31.169979,5.0,17
396,Status changed from Pending to Open by Limuel Ongtingco.,2025-10-29 05:06:15.844344,1.0,57
397,Status changed from Open to Pending by Limuel Ongtingco.,2025-10-29 05:06:23.536105,1.0,57
398,Ticket created by Limuel Ongtingco,2025-10-29 05:10:59.799251,1.0,61
399,Ticket auto-assigned to Limuel Ongtingco,2025-10-29 05:10:59.805599,1.0,61
400,Ticket reassigned from Limuel Ongtingco to Sophia Paloma by Limuel Ongtingco.,2025-10-29 05:11:16.743941,1.0,61
401,Ticket status automatically changed to Open by Sophia Paloma viewing it.,2025-10-29 05:11:25.181496,5.0,61
405,RT Ticket Number '1507' added by Limuel Ongtingco.,2025-10-29 06:47:31.417721,1.0,61
406,Status changed from Open to In Progress by Limuel Ongtingco.,2025-10-29 06:47:36.759863,1.0,61
413,Ticket created by Limuel Ongtingco,2025-10-29 07:02:53.144350,1.0,65
414,Ticket auto-assigned to Limuel Ongtingco,2025-10-29 07:02:53.153882,1.0,65
415,Ticket status automatically changed to Open by Limuel Ongtingco viewing it.,2025-10-29 07:03:09.275902,4.0,65
416,RT Ticket Number '1509' added by Limuel Ongtingco.,2025-10-29 07:03:22.213605,4.0,65
417,Status changed from Open to In Progress by Limuel Ongtingco.,2025-10-29 07:03:22.213611,4.0,65
418,Ticket created by Limuel Ongtingco,2025-10-29 07:06:09.788026,1.0,66
419,Ticket auto-assigned to Zxakira Napoles,2025-10-29 07:06:09.817379,1.0,66
420,Ticket status automatically changed to Open by Zxakira Napoles viewing it.,2025-10-29 07:06:28.549575,3.0,66
421,RT Ticket Number '1510' added by Zxakira Napoles.,2025-10-29 07:10:04.476697,3.0,66
422,Status changed from Open to In Progress by Zxakira Napoles.,2025-10-29 07:10:20.455763,3.0,66
423,"Remark added by Zxakira Napoles: No Need to create ticket
Already Up and working.",2025-10-30 00:59:07.600953,3.0,47
424,Status changed from Pending to Resolved by Zxakira Napoles.,2025-10-30 00:59:10.696311,3.0,47
425,Email log added by Zxakira Napoles.,2025-10-30 00:59:13.828981,3.0,47
426,Remark added by Zxakira Napoles: No need to create ticket to this one since their connection is Up and stable.,2025-10-30 02:06:28.830393,3.0,31
427,Status changed from Pending to Resolved by Zxakira Napoles.,2025-10-30 02:06:28.830400,3.0,31
428,Remark added by Zxakira Napoles: Connection is up and stable but they will proceed in disconnecting the account.,2025-10-30 02:07:07.459528,3.0,60
429,Email log added by Zxakira Napoles.,2025-10-30 02:07:15.304627,3.0,60
430,Remark added by Zxakira Napoles: RESOLVED TICKET.,2025-10-30 02:07:50.409374,3.0,20
431,Status changed from In Progress to Resolved by Zxakira Napoles.,2025-10-30 02:07:53.758932,3.0,20
432,"Remark added by Zxakira Napoles: RESOLVED TICKET as per Grafana, they have internet usage.",2025-10-30 02:08:25.853520,3.0,26
433,Status changed from In Progress to Resolved by Zxakira Napoles.,2025-10-30 02:08:25.853526,3.0,26
434,Status changed from Pending to Resolved by Zxakira Napoles.,2025-10-30 02:09:12.347789,3.0,57
435,Status changed from In Progress to Resolved by Sophia Paloma.,2025-10-30 02:39:33.174542,5.0,58
436,Status changed from In Progress to Resolved by Sophia Paloma.,2025-10-30 02:39:40.588511,5.0,61
437,Remark added by Limuel Ongtingco: still in the verification process,2025-10-30 02:43:24.152918,4.0,59
438,"Remark added by Limuel Ongtingco: For on-site visit today
",2025-10-30 02:44:01.227475,4.0,37
439,"Remark added by Zxakira Napoles: 10/30/2025
connection has been restored.",2025-10-30 05:52:36.884734,3.0,28
440,Status changed from In Progress to Resolved by Zxakira Napoles.,2025-10-30 05:52:36.884739,3.0,28
441,Email log added by Zxakira Napoles.,2025-10-30 05:52:51.861346,3.0,28
442,Ticket created by Limuel Ongtingco,2025-10-30 08:13:12.825542,1.0,67
443,Ticket auto-assigned to Zxakira Napoles,2025-10-30 08:13:12.944894,1.0,67
444,Ticket status automatically changed to Open by Zxakira Napoles viewing it.,2025-10-30 08:13:24.797355,3.0,67
445,RT Ticket Number '1517' added by Zxakira Napoles.,2025-10-30 08:18:37.839384,3.0,67
446,Remark added by Zxakira Napoles: waiting for verification,2025-10-30 08:18:37.872146,3.0,67
447,Status changed from Open to In Progress by Zxakira Napoles.,2025-10-30 08:18:37.872151,3.0,67
448,Ticket created by Limuel Ongtingco,2025-10-30 08:57:25.070721,1.0,68
449,Ticket auto-assigned to Zxakira Napoles,2025-10-30 08:57:25.169695,1.0,68
450,Ticket reassigned from Zxakira Napoles to Limuel Ongtingco by Limuel Ongtingco.,2025-10-30 08:57:37.896933,1.0,68
451,Ticket status automatically changed to Open by Limuel Ongtingco viewing it.,2025-10-30 08:58:53.503782,4.0,68
452,Ticket created by Limuel Ongtingco,2025-10-30 09:07:56.896432,1.0,69
453,Ticket auto-assigned to Zxakira Napoles,2025-10-30 09:07:56.963179,1.0,69
454,Ticket reassigned from Zxakira Napoles to Sophia Paloma by Limuel Ongtingco.,2025-10-30 09:08:07.399226,1.0,69
455,Ticket status automatically changed to Open by Sophia Paloma viewing it.,2025-10-30 09:08:23.687783,5.0,69
456,RT Ticket Number '1519' added by Limuel Ongtingco.,2025-10-30 09:08:25.380231,4.0,68
457,Status changed from Open to In Progress by Limuel Ongtingco.,2025-10-30 09:08:25.380236,4.0,68
458,Remark added by Limuel Ongtingco: payment received and verified,2025-10-30 09:22:06.157583,4.0,59
459,Status changed from In Progress to Resolved by Limuel Ongtingco.,2025-10-30 09:22:06.157587,4.0,59
460,Remark added by Zxakira Napoles: received and verified,2025-10-30 09:22:51.158625,3.0,67
461,Status changed from In Progress to Resolved by Zxakira Napoles.,2025-10-30 09:22:51.158631,3.0,67
462,Ticket created by Limuel Ongtingco,2025-11-02 23:08:20.315808,1.0,70
463,Ticket auto-assigned to Zxakira Napoles,2025-11-02 23:08:20.406417,1.0,70
464,Ticket created by Limuel Ongtingco,2025-11-02 23:10:37.479012,1.0,71
465,Ticket auto-assigned to Zxakira Napoles,2025-11-02 23:10:37.552209,1.0,71
466,Ticket reassigned from Zxakira Napoles to Sophia Paloma by Limuel Ongtingco.,2025-11-02 23:10:43.532530,1.0,71
467,Ticket created by Limuel Ongtingco,2025-11-02 23:11:25.622999,1.0,72
468,Ticket auto-assigned to Zxakira Napoles,2025-11-02 23:11:25.629056,1.0,72
469,Ticket reassigned from Zxakira Napoles to Limuel Ongtingco by Limuel Ongtingco.,2025-11-02 23:11:32.074756,1.0,72
470,Ticket created by Limuel Ongtingco,2025-11-02 23:12:22.914305,1.0,73
471,Ticket auto-assigned to Zxakira Napoles,2025-11-02 23:12:22.922752,1.0,73
472,Ticket created by Limuel Ongtingco,2025-11-02 23:12:57.804473,1.0,74
473,Ticket auto-assigned to Zxakira Napoles,2025-11-02 23:12:57.820728,1.0,74
474,Ticket reassigned from Zxakira Napoles to Sophia Paloma by Limuel Ongtingco.,2025-11-02 23:13:07.290638,1.0,74
475,Ticket created by Limuel Ongtingco,2025-11-02 23:14:05.938075,1.0,75
476,Ticket auto-assigned to Zxakira Napoles,2025-11-02 23:14:06.011837,1.0,75
477,Ticket reassigned from Zxakira Napoles to Limuel Ongtingco by Limuel Ongtingco.,2025-11-02 23:14:12.166606,1.0,75
478,Ticket status automatically changed to Open by Limuel Ongtingco viewing it.,2025-11-02 23:43:48.513901,4.0,75
479,Ticket status automatically changed to Open by Sophia Paloma viewing it.,2025-11-02 23:45:58.056598,5.0,71
480,RT Ticket Number '1524' added by Limuel Ongtingco.,2025-11-02 23:50:33.116978,4.0,75
481,Status changed from Open to In Progress by Limuel Ongtingco.,2025-11-02 23:50:33.116984,4.0,75
482,Status changed from Open to In Progress by Sophia Paloma.,2025-11-02 23:51:05.263045,5.0,71
483,Ticket status automatically changed to Open by Limuel Ongtingco viewing it.,2025-11-02 23:51:07.087882,4.0,72
484,Ticket status automatically changed to Open by Sophia Paloma viewing it.,2025-11-02 23:51:10.237719,5.0,74
485,Ticket status automatically changed to Open by Zxakira Napoles viewing it.,2025-11-02 23:51:45.656132,3.0,70
486,RT Ticket Number '1528' added by Limuel Ongtingco.,2025-11-02 23:57:00.946828,4.0,72
487,Status changed from Open to In Progress by Limuel Ongtingco.,2025-11-02 23:57:00.946834,4.0,72
488,RT Ticket Number '1529' added by Zxakira Napoles.,2025-11-02 23:57:03.150649,3.0,70
489,Remark added by Zxakira Napoles: ticket created,2025-11-02 23:57:03.161825,3.0,70
490,Status changed from Open to In Progress by Zxakira Napoles.,2025-11-02 23:57:08.805609,3.0,70
491,Ticket status automatically changed to Open by Zxakira Napoles viewing it.,2025-11-02 23:57:12.942446,3.0,73
492,Status changed from Open to In Progress by Sophia Paloma.,2025-11-02 23:58:23.725493,5.0,74
493,RT Ticket Number '1525' added by Limuel Ongtingco.,2025-11-02 23:58:43.856586,1.0,71
494,RT Ticket Number '1529' added by Limuel Ongtingco.,2025-11-02 23:59:50.665330,1.0,73
495,RT Ticket Number '1521' added by Limuel Ongtingco.,2025-11-03 00:00:45.411186,1.0,69
496,Status changed from Open to In Progress by Limuel Ongtingco.,2025-11-03 00:00:45.411190,1.0,69
497,RT Ticket Number changed from '1529' to '1531' by Zxakira Napoles.,2025-11-03 00:03:02.577802,3.0,73
498,Status changed from Open to In Progress by Zxakira Napoles.,2025-11-03 00:18:41.670485,3.0,73
499,Ticket created by Limuel Ongtingco,2025-11-03 00:22:58.009288,1.0,76
500,Ticket auto-assigned to Zxakira Napoles,2025-11-03 00:22:58.069768,1.0,76
501,Ticket reassigned from Zxakira Napoles to Sophia Paloma by Limuel Ongtingco.,2025-11-03 00:23:03.284929,1.0,76
502,Ticket status automatically changed to Open by Sophia Paloma viewing it.,2025-11-03 00:26:19.006516,5.0,76
503,RT Ticket Number '1533' added by Limuel Ongtingco.,2025-11-03 01:44:08.429588,1.0,76
504,Status changed from Open to In Progress by Limuel Ongtingco.,2025-11-03 01:44:11.094052,1.0,76
505,Remark added by Limuel Ongtingco: Sanley resolved the ticket.,2025-11-03 01:45:25.927231,4.0,68
506,Status changed from In Progress to Resolved by Limuel Ongtingco.,2025-11-03 01:45:25.927237,4.0,68
507,Email log added by Limuel Ongtingco.,2025-11-03 01:50:45.438673,4.0,15
508,Remark added by Limuel Ongtingco: Sanley resolved the ticket.,2025-11-03 02:21:55.530569,4.0,37
509,Status changed from In Progress to Resolved by Limuel Ongtingco.,2025-11-03 02:21:55.530575,4.0,37
510,Remark added by Limuel Ongtingco: Sanley resolved the ticket.,2025-11-03 02:23:05.372330,4.0,30
511,Status changed from In Progress to Resolved by Limuel Ongtingco.,2025-11-03 02:23:05.372333,4.0,30
512,Email log added by Limuel Ongtingco.,2025-11-03 02:28:02.607495,4.0,30
513,Email log added by Limuel Ongtingco.,2025-11-03 02:31:00.142400,4.0,43
514,Email log added by Limuel Ongtingco.,2025-11-03 02:35:52.867114,4.0,40
515,Ticket created by Limuel Ongtingco,2025-11-03 02:39:06.061955,1.0,77
516,Ticket auto-assigned to Limuel Ongtingco,2025-11-03 02:39:06.072599,1.0,77
517,Ticket status automatically changed to Open by Limuel Ongtingco viewing it.,2025-11-03 02:39:19.078564,4.0,77
518,Status changed from In Progress to Resolved by Zxakira Napoles.,2025-11-03 02:51:30.336775,3.0,66
519,Status changed from In Progress to Resolved by Zxakira Napoles.,2025-11-03 02:51:39.598775,3.0,16
520,Status changed from In Progress to Resolved by Zxakira Napoles.,2025-11-03 02:51:50.960702,3.0,60
521,RT Ticket Number changed from '1510' to '1511' by Limuel Ongtingco.,2025-11-03 02:52:02.411187,1.0,66
522,Remark added by Limuel Ongtingco: Sanley resolved the ticket,2025-11-03 02:53:41.140374,1.0,66
523,RT Ticket Number '1535' added by Limuel Ongtingco.,2025-11-03 03:05:15.862652,4.0,77
524,Status changed from Open to In Progress by Limuel Ongtingco.,2025-11-03 03:05:15.862656,4.0,77
525,Remark added by Limuel Ongtingco: Sanley resolved the ticket.,2025-11-03 03:09:12.082914,4.0,65
526,Status changed from In Progress to Resolved by Limuel Ongtingco.,2025-11-03 03:09:12.082918,4.0,65
527,Status changed from In Progress to Resolved by Limuel Ongtingco.,2025-11-03 03:25:49.840653,1.0,53
528,Ticket created by Limuel Ongtingco,2025-11-03 03:27:44.152637,1.0,78
529,Ticket auto-assigned to Zxakira Napoles,2025-11-03 03:27:44.162883,1.0,78
530,RT Ticket Number '1513' added by Limuel Ongtingco.,2025-11-03 03:28:08.389869,1.0,78
531,Status changed from New to In Progress by Limuel Ongtingco.,2025-11-03 03:28:16.423555,1.0,78
532,Email log added by Limuel Ongtingco.,2025-11-03 03:40:03.201555,1.0,48
533,Email log added by Limuel Ongtingco.,2025-11-03 03:51:07.330941,1.0,45
534,Remark added by Limuel Ongtingco: Ticket has already been resolved. Updated the RT with the latest Bandwidth Monitoring Graph of the client,2025-11-03 04:00:14.960353,1.0,29
535,Status changed from In Progress to Resolved by Limuel Ongtingco.,2025-11-03 04:00:14.960357,1.0,29
536,Email log added by Limuel Ongtingco.,2025-11-03 04:12:41.051542,1.0,23
537,Ticket created by Limuel Ongtingco,2025-11-03 07:26:59.529411,1.0,79
538,Ticket auto-assigned to Zxakira Napoles,2025-11-03 07:26:59.548395,1.0,79
539,Ticket status automatically changed to Open by Zxakira Napoles viewing it.,2025-11-03 07:27:17.936488,3.0,79
540,RT Ticket Number '1538' added by Limuel Ongtingco.,2025-11-03 07:34:44.316651,1.0,79
541,Status changed from Open to In Progress by Limuel Ongtingco.,2025-11-03 07:34:44.316656,1.0,79
542,Ticket created by Limuel Ongtingco,2025-11-03 09:55:46.900069,1.0,80
543,Ticket auto-assigned to Zxakira Napoles,2025-11-03 09:55:46.918425,1.0,80
544,Ticket reassigned from Zxakira Napoles to Limuel Ongtingco by Limuel Ongtingco.,2025-11-03 09:55:51.405250,1.0,80
545,Ticket status automatically changed to Open by Limuel Ongtingco viewing it.,2025-11-03 09:56:01.060392,4.0,80
546,Ticket created by Limuel Ongtingco,2025-11-04 05:42:26.492364,1.0,81
547,Ticket auto-assigned to Zxakira Napoles,2025-11-04 05:42:26.527188,1.0,81
548,Ticket created by Limuel Ongtingco,2025-11-04 05:45:57.753734,1.0,82
549,Ticket auto-assigned to Zxakira Napoles,2025-11-04 05:45:57.782840,1.0,82
550,Ticket reassigned from Zxakira Napoles to Sophia Paloma by Limuel Ongtingco.,2025-11-04 05:46:02.459725,1.0,82
551,Email log added by Limuel Ongtingco.,2025-11-04 05:47:32.864175,1.0,82
552,Ticket status automatically changed to Open by Sophia Paloma viewing it.,2025-11-04 06:07:28.884523,5.0,82
553,Ticket created by Limuel Ongtingco,2025-11-04 06:11:46.944199,1.0,83
554,Ticket auto-assigned to Zxakira Napoles,2025-11-04 06:11:46.977826,1.0,83
555,Status changed from In Progress to Resolved by Zxakira Napoles.,2025-11-04 06:18:05.036722,3.0,79
556,Ticket status automatically changed to Open by Zxakira Napoles viewing it.,2025-11-04 06:18:23.262001,3.0,81
557,RT Ticket Number '1540' added by Zxakira Napoles.,2025-11-04 06:25:36.237932,3.0,81
558,Status changed from Open to In Progress by Zxakira Napoles.,2025-11-04 06:25:36.237935,3.0,81
559,Ticket status automatically changed to Open by Zxakira Napoles viewing it.,2025-11-04 06:25:56.178535,3.0,83
560,Remark added by Zxakira Napoles: reported in NEX NOC tacloban,2025-11-04 06:28:17.071372,3.0,83
561,Status changed from Open to Pending by Zxakira Napoles.,2025-11-04 06:28:17.071377,3.0,83
562,RT Ticket Number '1543' added by Limuel Ongtingco.,2025-11-04 06:45:50.504419,4.0,80
563,Status changed from Open to In Progress by Limuel Ongtingco.,2025-11-04 06:45:50.504426,4.0,80
564,Ticket created by Limuel Ongtingco,2025-11-04 07:42:57.417493,1.0,84
565,Ticket auto-assigned to Zxakira Napoles,2025-11-04 07:42:57.444139,1.0,84
566,Ticket reassigned from Zxakira Napoles to Limuel Ongtingco by Limuel Ongtingco.,2025-11-04 07:43:04.214569,1.0,84
567,Ticket status automatically changed to Open by Limuel Ongtingco viewing it.,2025-11-04 07:43:30.292608,4.0,84
568,Ticket created by Limuel Ongtingco,2025-11-04 23:29:05.238657,1.0,85
569,Ticket auto-assigned to Zxakira Napoles,2025-11-04 23:29:05.259700,1.0,85
570,Ticket created by Limuel Ongtingco,2025-11-04 23:29:52.829874,1.0,86
571,Ticket auto-assigned to Zxakira Napoles,2025-11-04 23:29:52.840542,1.0,86
572,Ticket reassigned from Zxakira Napoles to Limuel Ongtingco by Limuel Ongtingco.,2025-11-04 23:29:58.205283,1.0,86
573,Ticket created by Limuel Ongtingco,2025-11-04 23:32:39.737621,1.0,91
574,Ticket auto-assigned to Zxakira Napoles,2025-11-04 23:32:39.756794,1.0,91
575,Ticket reassigned from Zxakira Napoles to Sophia Paloma by Limuel Ongtingco.,2025-11-04 23:32:50.360508,1.0,91
576,Ticket status automatically changed to Open by Zxakira Napoles viewing it.,2025-11-04 23:34:27.388831,3.0,85
577,RT Ticket Number '1545' added by Limuel Ongtingco.,2025-11-04 23:34:30.101176,4.0,84
578,Remark added by Limuel Ongtingco: Already settled his final SOA,2025-11-04 23:34:30.105507,4.0,84
579,Status changed from Open to Resolved by Limuel Ongtingco.,2025-11-04 23:34:30.105510,4.0,84
580,Ticket status automatically changed to Open by Sophia Paloma viewing it.,2025-11-04 23:37:21.675431,5.0,91
581,Ticket created by Limuel Ongtingco,2025-11-04 23:39:50.595667,1.0,93
582,Ticket auto-assigned to Zxakira Napoles,2025-11-04 23:39:50.600875,1.0,93
583,Ticket reassigned from Zxakira Napoles to Limuel Ongtingco by Limuel Ongtingco.,2025-11-04 23:40:18.210163,1.0,93
584,Ticket status automatically changed to Open by Limuel Ongtingco viewing it.,2025-11-04 23:41:17.570282,4.0,86
585,RT Ticket Number '1522' added by Limuel Ongtingco.,2025-11-04 23:46:18.173273,4.0,86
586,Status changed from Open to In Progress by Limuel Ongtingco.,2025-11-04 23:46:18.173277,4.0,86
587,Ticket status automatically changed to Open by Limuel Ongtingco viewing it.,2025-11-04 23:46:25.716576,4.0,93
588,RT Ticket Number '1547' added by Limuel Ongtingco.,2025-11-04 23:46:47.979168,4.0,93
589,Status changed from Open to In Progress by Limuel Ongtingco.,2025-11-04 23:46:47.979173,4.0,93
590,Status changed from Open to In Progress by Sophia Paloma.,2025-11-04 23:52:22.817371,5.0,91
591,Email log added by Limuel Ongtingco.,2025-11-05 00:02:43.295765,4.0,93
592,Email log added by Limuel Ongtingco.,2025-11-05 00:03:17.138329,4.0,93
593,Ticket created by Limuel Ongtingco,2025-11-05 00:18:40.357098,1.0,95
594,Ticket auto-assigned to Zxakira Napoles,2025-11-05 00:18:40.362565,1.0,95
595,Ticket reassigned from Zxakira Napoles to Sophia Paloma by Limuel Ongtingco.,2025-11-05 00:18:49.757741,1.0,95
596,RT Ticket Number '1553' added by Limuel Ongtingco.,2025-11-05 00:19:05.614689,1.0,91
597,RT Ticket Number '1548' added by Zxakira Napoles.,2025-11-05 00:19:42.020596,3.0,85
598,Status changed from Open to In Progress by Zxakira Napoles.,2025-11-05 00:19:42.020600,3.0,85
599,Ticket status automatically changed to Open by Sophia Paloma viewing it.,2025-11-05 00:50:48.023894,5.0,95
600,Ticket created by Limuel Ongtingco,2025-11-05 01:31:30.333576,1.0,96
601,Ticket auto-assigned to Zxakira Napoles,2025-11-05 01:31:30.347944,1.0,96
602,Ticket created by Limuel Ongtingco,2025-11-05 01:32:00.784357,1.0,97
603,Ticket auto-assigned to Zxakira Napoles,2025-11-05 01:32:00.791409,1.0,97
604,Ticket reassigned from Zxakira Napoles to Sophia Paloma by Limuel Ongtingco.,2025-11-05 01:32:05.487896,1.0,97
605,Ticket reassigned from Sophia Paloma to Limuel Ongtingco by Limuel Ongtingco.,2025-11-05 01:32:15.532762,1.0,97
606,RT Ticket Number '1555' added by Limuel Ongtingco.,2025-11-05 01:32:27.847931,1.0,95
607,Ticket status automatically changed to Open by Limuel Ongtingco viewing it.,2025-11-05 01:32:45.060141,4.0,97
608,Ticket created by Limuel Ongtingco,2025-11-05 03:29:39.633788,1.0,98
609,Ticket auto-assigned to Zxakira Napoles,2025-11-05 03:29:39.644935,1.0,98
610,Ticket reassigned from Zxakira Napoles to Sophia Paloma by Limuel Ongtingco.,2025-11-05 03:29:45.538985,1.0,98
611,Ticket created by Limuel Ongtingco,2025-11-05 03:30:17.666399,1.0,100
612,Ticket auto-assigned to Zxakira Napoles,2025-11-05 03:30:17.672712,1.0,100
613,Ticket reassigned from Zxakira Napoles to Sophia Paloma by Limuel Ongtingco.,2025-11-05 03:30:33.208015,1.0,100
614,Remark added by Limuel Ongtingco: Payment received and verified.,2025-11-05 05:15:04.753447,4.0,77
615,Status changed from In Progress to Resolved by Limuel Ongtingco.,2025-11-05 05:15:04.753453,4.0,77
616,Ticket status automatically changed to Open by Zxakira Napoles viewing it.,2025-11-05 05:18:42.360843,3.0,96
617,RT Ticket Number '1557' added by Zxakira Napoles.,2025-11-05 05:22:01.004920,3.0,96
618,Status changed from Open to In Progress by Zxakira Napoles.,2025-11-05 05:22:01.004924,3.0,96
619,Remark added by Limuel Ongtingco: Payment verified and received.,2025-11-05 05:23:25.325981,4.0,80
620,Status changed from In Progress to Resolved by Limuel Ongtingco.,2025-11-05 05:23:25.325986,4.0,80
621,Ticket created by Limuel Ongtingco,2025-11-05 06:08:06.212161,1.0,101
622,Ticket auto-assigned to Zxakira Napoles,2025-11-05 06:08:06.321378,1.0,101
623,Ticket created by Limuel Ongtingco,2025-11-05 06:08:31.251765,1.0,102
624,Ticket auto-assigned to Zxakira Napoles,2025-11-05 06:08:31.274613,1.0,102
625,Ticket reassigned from Zxakira Napoles to Sophia Paloma by Limuel Ongtingco.,2025-11-05 06:08:41.560766,1.0,102
626,Ticket reassigned from Zxakira Napoles to Limuel Ongtingco by Limuel Ongtingco.,2025-11-05 06:08:52.354722,1.0,101
627,RT Ticket Number '1559' added by Limuel Ongtingco.,2025-11-05 06:09:39.421556,4.0,97
628,Status changed from Open to In Progress by Limuel Ongtingco.,2025-11-05 06:09:39.421560,4.0,97
629,Ticket status automatically changed to Open by Limuel Ongtingco viewing it.,2025-11-05 06:09:42.817971,4.0,101
630,Ticket created by Limuel Ongtingco,2025-11-05 08:44:55.986180,1.0,103
631,Ticket auto-assigned to Zxakira Napoles,2025-11-05 08:44:56.080185,1.0,103
632,Email log added by Limuel Ongtingco.,2025-11-05 08:45:43.841646,1.0,103
633,Ticket status automatically changed to Open by Zxakira Napoles viewing it.,2025-11-05 09:04:21.111570,3.0,103
634,Status changed from New to Pending by Limuel Ongtingco.,2025-11-05 23:26:30.826313,1.0,100
635,Status changed from New to Pending by Limuel Ongtingco.,2025-11-05 23:26:39.499121,1.0,98
636,RT Ticket Number '1562' added by Limuel Ongtingco.,2025-11-05 23:27:17.607479,1.0,101
637,RT Ticket Number '1563' added by Limuel Ongtingco.,2025-11-05 23:27:38.524515,1.0,102
638,Status changed from New to In Progress by Limuel Ongtingco.,2025-11-05 23:27:45.560860,1.0,102
639,Status changed from Open to In Progress by Limuel Ongtingco.,2025-11-05 23:27:55.097561,1.0,101
640,Status changed from Open to In Progress by Limuel Ongtingco.,2025-11-05 23:28:16.925488,1.0,95
641,Status changed from Pending to Resolved by Limuel Ongtingco.,2025-11-05 23:29:30.654477,1.0,83
642,Status changed from Open to Pending by Limuel Ongtingco.,2025-11-05 23:29:46.410374,1.0,82
643,RT Ticket Number '1565' added by Limuel Ongtingco.,2025-11-05 23:30:31.409137,1.0,103
644,Status changed from Open to In Progress by Limuel Ongtingco.,2025-11-05 23:30:34.572139,1.0,103
645,Ticket created by Limuel Ongtingco,2025-11-05 23:35:17.924286,1.0,104
646,Ticket auto-assigned to Zxakira Napoles,2025-11-05 23:35:17.985738,1.0,104
647,Ticket created by Limuel Ongtingco,2025-11-05 23:35:53.686915,1.0,105
648,Ticket auto-assigned to Zxakira Napoles,2025-11-05 23:35:53.696728,1.0,105
649,Ticket reassigned from Zxakira Napoles to Sophia Paloma by Limuel Ongtingco.,2025-11-05 23:35:59.736668,1.0,105
650,Ticket created by Limuel Ongtingco,2025-11-05 23:36:47.672936,1.0,106
651,Ticket auto-assigned to Zxakira Napoles,2025-11-05 23:36:47.680984,1.0,106
652,Ticket reassigned from Zxakira Napoles to Limuel Ongtingco by Limuel Ongtingco.,2025-11-05 23:36:53.106752,1.0,106
653,Remark added by Limuel Ongtingco: FOLLOW UP | Repeat Concern Reported,2025-11-05 23:51:34.180747,1.0,11
654,Ticket created by Limuel Ongtingco,2025-11-06 00:11:24.391704,1.0,108
655,Ticket auto-assigned to Zxakira Napoles,2025-11-06 00:11:24.788361,1.0,108
656,Ticket created by Limuel Ongtingco,2025-11-06 00:12:00.909927,1.0,109
657,Ticket auto-assigned to Zxakira Napoles,2025-11-06 00:12:00.914461,1.0,109
658,Ticket reassigned from Zxakira Napoles to Sophia Paloma by Limuel Ongtingco.,2025-11-06 00:12:06.224608,1.0,109
659,Ticket created by Limuel Ongtingco,2025-11-06 00:12:39.586991,1.0,110
660,Ticket auto-assigned to Zxakira Napoles,2025-11-06 00:12:39.612615,1.0,110
661,Ticket reassigned from Zxakira Napoles to Limuel Ongtingco by Limuel Ongtingco.,2025-11-06 00:12:44.369815,1.0,110
662,Ticket created by Limuel Ongtingco,2025-11-06 00:13:19.599762,1.0,111
663,Ticket auto-assigned to Zxakira Napoles,2025-11-06 00:13:19.745836,1.0,111
664,Status changed from In Progress to Resolved by Zxakira Napoles.,2025-11-06 00:14:49.212156,3.0,103
665,Status changed from In Progress to Resolved by Zxakira Napoles.,2025-11-06 00:15:03.590948,3.0,96
666,Ticket status automatically changed to Open by Sophia Paloma viewing it.,2025-11-06 00:15:10.162738,5.0,105
667,Status changed from In Progress to Resolved by Zxakira Napoles.,2025-11-06 00:15:11.358618,3.0,78
668,Status changed from In Progress to Resolved by Zxakira Napoles.,2025-11-06 00:15:22.544901,3.0,81
669,Ticket status automatically changed to Open by Zxakira Napoles viewing it.,2025-11-06 00:15:27.879962,3.0,104
670,Ticket created by Limuel Ongtingco,2025-11-06 00:15:55.331638,1.0,112
671,Ticket auto-assigned to Zxakira Napoles,2025-11-06 00:15:55.379859,1.0,112
672,Ticket reassigned from Zxakira Napoles to Sophia Paloma by Limuel Ongtingco.,2025-11-06 00:16:00.567104,1.0,112
673,Remark added by Limuel Ongtingco: FOLLOW UP | REPEAT CONCERN REPORTED,2025-11-06 00:17:28.974243,1.0,73
674,Ticket created by Limuel Ongtingco,2025-11-06 00:19:01.454235,1.0,114
675,Ticket auto-assigned to Zxakira Napoles,2025-11-06 00:19:01.460097,1.0,114
676,RT Ticket Number '1567' added by Zxakira Napoles.,2025-11-06 00:19:24.268966,3.0,104
677,Status changed from Open to In Progress by Zxakira Napoles.,2025-11-06 00:19:24.268971,3.0,104
678,Ticket created by Limuel Ongtingco,2025-11-06 00:19:52.372338,1.0,115
679,Ticket auto-assigned to Zxakira Napoles,2025-11-06 00:19:52.396678,1.0,115
680,Ticket status automatically changed to Open by Zxakira Napoles viewing it.,2025-11-06 00:20:03.530089,3.0,108
681,Ticket reassigned from Zxakira Napoles to Limuel Ongtingco by Limuel Ongtingco.,2025-11-06 00:20:10.464569,1.0,115
682,Ticket created by Limuel Ongtingco,2025-11-06 00:21:42.473152,1.0,116
683,Ticket auto-assigned to Zxakira Napoles,2025-11-06 00:21:42.478610,1.0,116
684,Ticket reassigned from Zxakira Napoles to Sophia Paloma by Limuel Ongtingco.,2025-11-06 00:21:47.370243,1.0,116
685,Ticket created by Limuel Ongtingco,2025-11-06 00:22:32.037057,1.0,117
686,Ticket auto-assigned to Zxakira Napoles,2025-11-06 00:22:32.044185,1.0,117
687,Ticket reassigned from Zxakira Napoles to Limuel Ongtingco by Limuel Ongtingco.,2025-11-06 00:22:44.424746,1.0,117
688,RT Ticket Number '1570' added by Zxakira Napoles.,2025-11-06 00:23:03.082335,3.0,108
689,Status changed from Open to In Progress by Zxakira Napoles.,2025-11-06 00:23:03.082340,3.0,108
690,Ticket created by Limuel Ongtingco,2025-11-06 00:23:32.913204,1.0,118
691,Ticket auto-assigned to Zxakira Napoles,2025-11-06 00:23:32.926981,1.0,118
692,Ticket status automatically changed to Open by Zxakira Napoles viewing it.,2025-11-06 00:23:50.174840,3.0,111
693,Ticket created by Limuel Ongtingco,2025-11-06 00:24:27.042655,1.0,119
694,Ticket auto-assigned to Zxakira Napoles,2025-11-06 00:24:27.077689,1.0,119
695,Ticket reassigned from Zxakira Napoles to Sophia Paloma by Limuel Ongtingco.,2025-11-06 00:24:31.800701,1.0,119
696,Status changed from Open to In Progress by Sophia Paloma.,2025-11-06 00:25:17.134101,5.0,105
697,Ticket created by Limuel Ongtingco,2025-11-06 00:25:21.866673,1.0,120
698,Ticket auto-assigned to Zxakira Napoles,2025-11-06 00:25:21.872505,1.0,120
699,Ticket reassigned from Zxakira Napoles to Limuel Ongtingco by Limuel Ongtingco.,2025-11-06 00:25:27.794086,1.0,120
700,RT Ticket Number '1571' added by Sophia Paloma.,2025-11-06 00:25:46.572733,5.0,105
701,Ticket status automatically changed to Open by Sophia Paloma viewing it.,2025-11-06 00:25:50.042540,5.0,109
702,Ticket created by Limuel Ongtingco,2025-11-06 00:25:59.501234,1.0,121
703,Ticket auto-assigned to Zxakira Napoles,2025-11-06 00:25:59.514021,1.0,121
704,RT Ticket Number '1573' added by Zxakira Napoles.,2025-11-06 00:26:45.744393,3.0,111
705,Status changed from Open to In Progress by Zxakira Napoles.,2025-11-06 00:26:45.744398,3.0,111
706,Ticket created by Limuel Ongtingco,2025-11-06 00:26:57.796980,1.0,122
707,Ticket auto-assigned to Zxakira Napoles,2025-11-06 00:26:57.805120,1.0,122
708,Ticket reassigned from Zxakira Napoles to Sophia Paloma by Limuel Ongtingco.,2025-11-06 00:27:03.682878,1.0,122
709,Ticket created by Limuel Ongtingco,2025-11-06 00:27:49.072941,1.0,123
710,Ticket auto-assigned to Zxakira Napoles,2025-11-06 00:27:49.079592,1.0,123
711,Ticket reassigned from Zxakira Napoles to Limuel Ongtingco by Limuel Ongtingco.,2025-11-06 00:28:08.348428,1.0,123
712,Ticket created by Limuel Ongtingco,2025-11-06 00:28:57.693641,1.0,124
713,Ticket auto-assigned to Zxakira Napoles,2025-11-06 00:28:57.698353,1.0,124
714,RT Ticket Number '1575' added by Sophia Paloma.,2025-11-06 00:29:22.706164,5.0,109
715,Status changed from Open to In Progress by Sophia Paloma.,2025-11-06 00:29:22.706168,5.0,109
716,Ticket status automatically changed to Open by Sophia Paloma viewing it.,2025-11-06 00:29:30.822926,5.0,112
717,Remark added by Limuel Ongtingco: FOLLOW UP | REPEAT CONCERN REPORTED,2025-11-06 00:30:53.106536,1.0,56
718,Ticket created by Limuel Ongtingco,2025-11-06 00:31:23.092355,1.0,126
719,Ticket auto-assigned to Zxakira Napoles,2025-11-06 00:31:23.099523,1.0,126
720,Ticket reassigned from Zxakira Napoles to Sophia Paloma by Limuel Ongtingco.,2025-11-06 00:31:29.076231,1.0,126
721,RT Ticket Number '1577' added by Sophia Paloma.,2025-11-06 00:33:23.383903,5.0,112
722,Status changed from Open to In Progress by Sophia Paloma.,2025-11-06 00:33:23.383907,5.0,112
723,Remark added by Limuel Ongtingco: FOLLOW UP | REPEAT CONCERN REPORTED,2025-11-06 00:33:31.724245,1.0,75
724,Ticket status automatically changed to Open by Sophia Paloma viewing it.,2025-11-06 00:34:28.731286,5.0,116
725,Ticket created by Limuel Ongtingco,2025-11-06 00:35:37.456684,1.0,129
726,Ticket auto-assigned to Zxakira Napoles,2025-11-06 00:35:37.498171,1.0,129
727,Ticket reassigned from Zxakira Napoles to Limuel Ongtingco by Limuel Ongtingco.,2025-11-06 00:35:42.547092,1.0,129
728,Remark added by Limuel Ongtingco: Ticket has already been resolved in RT.,2025-11-06 00:36:20.146460,1.0,11
729,Status changed from In Progress to Resolved by Limuel Ongtingco.,2025-11-06 00:36:20.146467,1.0,11
730,RT Ticket Number '1579' added by Sophia Paloma.,2025-11-06 00:38:27.001295,5.0,116
731,Status changed from Open to In Progress by Sophia Paloma.,2025-11-06 00:38:27.001299,5.0,116
732,Ticket status automatically changed to Open by Sophia Paloma viewing it.,2025-11-06 00:38:31.854989,5.0,119
733,RT Ticket Number '1581' added by Sophia Paloma.,2025-11-06 00:42:16.590085,5.0,119
734,Status changed from Open to In Progress by Sophia Paloma.,2025-11-06 00:42:16.590089,5.0,119
735,Ticket status automatically changed to Open by Sophia Paloma viewing it.,2025-11-06 00:42:20.065935,5.0,122
736,Ticket status automatically changed to Open by Zxakira Napoles viewing it.,2025-11-06 00:44:26.194793,3.0,114
737,RT Ticket Number '1583' added by Sophia Paloma.,2025-11-06 00:45:17.050138,5.0,122
738,Status changed from Open to In Progress by Sophia Paloma.,2025-11-06 00:45:17.050143,5.0,122
739,Ticket status automatically changed to Open by Sophia Paloma viewing it.,2025-11-06 00:45:20.150268,5.0,126
740,RT Ticket Number '1586' added by Sophia Paloma.,2025-11-06 00:48:23.719608,5.0,126
741,Status changed from Open to In Progress by Sophia Paloma.,2025-11-06 00:48:23.719614,5.0,126
742,RT Ticket Number '1587' added by Zxakira Napoles.,2025-11-06 00:48:54.074428,3.0,114
743,Status changed from Open to In Progress by Zxakira Napoles.,2025-11-06 00:48:54.074432,3.0,114
744,Ticket status automatically changed to Open by Zxakira Napoles viewing it.,2025-11-06 00:48:58.590985,3.0,118
745,Ticket created by Limuel Ongtingco,2025-11-06 00:50:59.194944,1.0,130
746,Ticket auto-assigned to Limuel Ongtingco,2025-11-06 00:50:59.199859,1.0,130
747,Ticket reassigned from Limuel Ongtingco to Zxakira Napoles by Limuel Ongtingco.,2025-11-06 00:51:09.052663,1.0,130
748,RT Ticket Number '1589' added by Zxakira Napoles.,2025-11-06 00:51:55.668696,3.0,118
749,Status changed from Open to In Progress by Zxakira Napoles.,2025-11-06 00:51:55.668701,3.0,118
750,Ticket created by Limuel Ongtingco,2025-11-06 00:52:06.782518,1.0,131
751,Ticket auto-assigned to Limuel Ongtingco,2025-11-06 00:52:06.788196,1.0,131
752,Ticket reassigned from Limuel Ongtingco to Sophia Paloma by Limuel Ongtingco.,2025-11-06 00:52:12.469345,1.0,131
753,Ticket status automatically changed to Open by Zxakira Napoles viewing it.,2025-11-06 00:52:50.691847,3.0,121
754,Ticket created by Limuel Ongtingco,2025-11-06 00:53:28.075822,1.0,133
755,Ticket auto-assigned to Limuel Ongtingco,2025-11-06 00:53:28.095871,1.0,133
756,Ticket created by Limuel Ongtingco,2025-11-06 00:53:55.759545,1.0,134
757,Ticket auto-assigned to Limuel Ongtingco,2025-11-06 00:53:55.775516,1.0,134
758,Ticket reassigned from Limuel Ongtingco to Zxakira Napoles by Limuel Ongtingco.,2025-11-06 00:54:06.240920,1.0,134
759,Ticket created by Limuel Ongtingco,2025-11-06 00:54:52.571318,1.0,135
760,Ticket auto-assigned to Limuel Ongtingco,2025-11-06 00:54:52.646561,1.0,135
761,Ticket reassigned from Limuel Ongtingco to Sophia Paloma by Limuel Ongtingco.,2025-11-06 00:54:58.337375,1.0,135
762,Ticket created by Limuel Ongtingco,2025-11-06 00:57:08.958363,1.0,136
763,Ticket auto-assigned to Limuel Ongtingco,2025-11-06 00:57:08.964028,1.0,136
764,Ticket status automatically changed to Open by Limuel Ongtingco viewing it.,2025-11-06 01:07:28.845997,4.0,106
765,RT Ticket Number '1592' added by Zxakira Napoles.,2025-11-06 01:15:23.656982,3.0,121
766,Status changed from Open to In Progress by Zxakira Napoles.,2025-11-06 01:15:23.656987,3.0,121
767,RT Ticket Number '1593' added by Limuel Ongtingco.,2025-11-06 01:15:37.053831,4.0,106
768,Status changed from Open to In Progress by Limuel Ongtingco.,2025-11-06 01:15:37.053835,4.0,106
769,Ticket status automatically changed to Open by Limuel Ongtingco viewing it.,2025-11-06 01:16:00.970571,4.0,110
770,Ticket status automatically changed to Open by Zxakira Napoles viewing it.,2025-11-06 01:16:25.657717,3.0,124
771,RT Ticket Number '1595' added by Zxakira Napoles.,2025-11-06 01:19:05.029696,3.0,124
772,Status changed from Open to In Progress by Zxakira Napoles.,2025-11-06 01:19:05.029700,3.0,124
773,Ticket status automatically changed to Open by Zxakira Napoles viewing it.,2025-11-06 01:19:40.590371,3.0,130
774,Remark added by Zxakira Napoles: Updated the Nex-NOC,2025-11-06 01:20:33.464361,3.0,130
775,Status changed from Open to In Progress by Zxakira Napoles.,2025-11-06 01:20:33.464365,3.0,130
776,Ticket status automatically changed to Open by Zxakira Napoles viewing it.,2025-11-06 01:20:36.164145,3.0,134
777,RT Ticket Number '1597' added by Zxakira Napoles.,2025-11-06 01:24:08.836398,3.0,134
778,Status changed from Open to In Progress by Zxakira Napoles.,2025-11-06 01:24:08.836402,3.0,134
779,RT Ticket Number '1599' added by Limuel Ongtingco.,2025-11-06 01:30:07.129475,4.0,110
780,Status changed from Open to In Progress by Limuel Ongtingco.,2025-11-06 01:30:07.129479,4.0,110
781,Ticket status automatically changed to Open by Limuel Ongtingco viewing it.,2025-11-06 01:40:28.013681,4.0,115
782,RT Ticket Number '1601' added by Limuel Ongtingco.,2025-11-06 01:48:25.361894,4.0,115
783,Status changed from Open to In Progress by Limuel Ongtingco.,2025-11-06 01:48:25.361898,4.0,115
784,Ticket status automatically changed to Open by Sophia Paloma viewing it.,2025-11-06 01:48:45.327468,5.0,131
785,Ticket status automatically changed to Open by Limuel Ongtingco viewing it.,2025-11-06 01:49:05.975824,4.0,117
786,RT Ticket Number '1603' added by Sophia Paloma.,2025-11-06 01:53:30.554141,5.0,131
787,Status changed from Open to In Progress by Sophia Paloma.,2025-11-06 01:53:30.554145,5.0,131
788,Ticket status automatically changed to Open by Sophia Paloma viewing it.,2025-11-06 01:53:34.105351,5.0,135
789,RT Ticket Number '1605' added by Sophia Paloma.,2025-11-06 01:57:18.400689,5.0,135
790,Status changed from Open to In Progress by Sophia Paloma.,2025-11-06 01:57:18.400693,5.0,135
791,RT Ticket Number '1607' added by Limuel Ongtingco.,2025-11-06 01:59:35.927309,4.0,117
792,Status changed from Open to In Progress by Limuel Ongtingco.,2025-11-06 01:59:35.927313,4.0,117
793,Ticket status automatically changed to Open by Limuel Ongtingco viewing it.,2025-11-06 01:59:46.806262,4.0,120
794,Ticket created by Limuel Ongtingco,2025-11-06 02:18:14.251155,1.0,137
795,Ticket auto-assigned to Zxakira Napoles,2025-11-06 02:18:14.280071,1.0,137
796,Ticket status automatically changed to Open by Zxakira Napoles viewing it.,2025-11-06 02:18:25.736980,3.0,137
797,RT Ticket Number '1608' added by Zxakira Napoles.,2025-11-06 02:19:35.101112,3.0,137
798,Status changed from Open to Resolved by Zxakira Napoles.,2025-11-06 02:19:35.101116,3.0,137
799,RT Ticket Number '1610' added by Limuel Ongtingco.,2025-11-06 03:15:07.714318,4.0,120
800,Status changed from Open to In Progress by Limuel Ongtingco.,2025-11-06 03:15:07.714323,4.0,120
801,Ticket status automatically changed to Open by Limuel Ongtingco viewing it.,2025-11-06 03:16:13.676167,4.0,123
802,RT Ticket Number '1612' added by Limuel Ongtingco.,2025-11-06 03:19:42.245250,4.0,123
803,Status changed from Open to In Progress by Limuel Ongtingco.,2025-11-06 03:19:42.245254,4.0,123
804,Ticket created by Limuel Ongtingco,2025-11-06 03:24:15.725864,1.0,139
805,Ticket auto-assigned to Zxakira Napoles,2025-11-06 03:24:15.746980,1.0,139
806,Ticket reassigned from Zxakira Napoles to Limuel Ongtingco by Limuel Ongtingco.,2025-11-06 03:24:22.350308,1.0,139
807,Ticket status automatically changed to Open by Limuel Ongtingco viewing it.,2025-11-06 03:24:31.612866,4.0,129
808,Ticket status automatically changed to Open by Limuel Ongtingco viewing it.,2025-11-06 03:24:46.862626,4.0,139
809,RT Ticket Number '1614' added by Limuel Ongtingco.,2025-11-06 03:29:55.614908,4.0,139
810,Status changed from Open to In Progress by Limuel Ongtingco.,2025-11-06 03:29:55.614912,4.0,139
811,Status changed from Open to Pending by Limuel Ongtingco.,2025-11-06 03:58:43.405596,4.0,129
812,Ticket status automatically changed to Open by Limuel Ongtingco viewing it.,2025-11-06 03:58:50.771858,4.0,133
813,RT Ticket Number '1616' added by Limuel Ongtingco.,2025-11-06 04:03:00.702574,4.0,133
814,Status changed from Open to In Progress by Limuel Ongtingco.,2025-11-06 04:03:00.702577,4.0,133
815,Ticket status automatically changed to Open by Limuel Ongtingco viewing it.,2025-11-06 04:03:04.777320,4.0,136
816,RT Ticket Number '1618' added by Limuel Ongtingco.,2025-11-06 04:06:08.598026,4.0,136
817,Status changed from Open to In Progress by Limuel Ongtingco.,2025-11-06 04:06:08.598032,4.0,136
818,Email log added by Limuel Ongtingco.,2025-11-06 05:23:04.562417,1.0,43
819,Status changed from Pending to New by Limuel Ongtingco.,2025-11-06 05:23:11.874413,1.0,43
820,Email log added by Limuel Ongtingco.,2025-11-06 05:30:00.841387,1.0,100
821,Status changed from Pending to New by Limuel Ongtingco.,2025-11-06 05:30:04.228903,1.0,100
822,Ticket status automatically changed to Open by Limuel Ongtingco viewing it.,2025-11-06 05:38:20.349995,4.0,43
823,RT Ticket Number '1620' added by Limuel Ongtingco.,2025-11-06 05:46:48.898136,4.0,43
824,Status changed from Open to In Progress by Limuel Ongtingco.,2025-11-06 05:46:48.898141,4.0,43
825,Email log added by Limuel Ongtingco.,2025-11-06 05:50:00.371775,1.0,14
826,Remark added by Limuel Ongtingco: This ticket has been re-opened.,2025-11-06 05:56:39.981604,1.0,14
827,Ticket status automatically changed to Open by Sophia Paloma viewing it.,2025-11-06 06:37:38.295342,5.0,100
828,RT Ticket Number changed from '1467' to '1468' by Limuel Ongtingco.,2025-11-06 06:49:21.792404,1.0,32
829,Remark added by Limuel Ongtingco: Payment received and verified,2025-11-06 08:42:05.101528,1.0,91
830,Status changed from In Progress to Resolved by Limuel Ongtingco.,2025-11-06 08:42:05.101534,1.0,91
831,Ticket created by Limuel Ongtingco,2025-11-07 00:01:38.475396,1.0,140
832,Ticket auto-assigned to Zxakira Napoles,2025-11-07 00:01:38.498963,1.0,140
833,Ticket reassigned from Zxakira Napoles to Limuel Ongtingco by Limuel Ongtingco.,2025-11-07 00:01:43.516080,1.0,140
834,Ticket created by Limuel Ongtingco,2025-11-07 00:02:28.185552,1.0,141
835,Ticket auto-assigned to Zxakira Napoles,2025-11-07 00:02:28.200410,1.0,141
836,Ticket reassigned from Zxakira Napoles to Sophia Paloma by Limuel Ongtingco.,2025-11-07 00:07:22.052871,1.0,141
837,Ticket created by Limuel Ongtingco,2025-11-07 00:07:45.684904,1.0,142
838,Ticket auto-assigned to Zxakira Napoles,2025-11-07 00:07:45.704807,1.0,142
839,Ticket status automatically changed to Open by Limuel Ongtingco viewing it.,2025-11-07 00:08:01.057593,4.0,140
840,Ticket status automatically changed to Open by Zxakira Napoles viewing it.,2025-11-07 00:11:34.486522,3.0,142
841,RT Ticket Number '1624' added by Zxakira Napoles.,2025-11-07 00:11:43.714015,3.0,142
842,Status changed from Open to In Progress by Zxakira Napoles.,2025-11-07 00:11:43.714018,3.0,142
843,Status changed from In Progress to Resolved by Zxakira Napoles.,2025-11-07 00:11:52.859842,3.0,130
844,RT Ticket Number '1626' added by Limuel Ongtingco.,2025-11-07 00:15:46.908726,4.0,140
845,Status changed from Open to In Progress by Limuel Ongtingco.,2025-11-07 00:15:46.908731,4.0,140
846,RT Ticket Number '1622' added by Limuel Ongtingco.,2025-11-07 00:17:09.500709,1.0,100
847,Status changed from Open to In Progress by Limuel Ongtingco.,2025-11-07 00:17:09.500714,1.0,100
848,Ticket status automatically changed to Open by Sophia Paloma viewing it.,2025-11-07 00:18:18.149759,5.0,141
849,RT Ticket Number '1628' added by Limuel Ongtingco.,2025-11-07 00:23:22.549046,1.0,141
850,Status changed from Open to In Progress by Limuel Ongtingco.,2025-11-07 00:23:22.549050,1.0,141
851,Email log added by Limuel Ongtingco.,2025-11-07 00:25:43.242718,1.0,48
852,Remark added by Limuel Ongtingco: The client confirmed on their end that internet has been working.,2025-11-07 00:37:12.927867,1.0,48
853,Status changed from Pending to Resolved by Limuel Ongtingco.,2025-11-07 00:37:12.927871,1.0,48
854,Ticket created by Limuel Ongtingco,2025-11-07 00:38:07.914836,1.0,143
855,Ticket auto-assigned to Zxakira Napoles,2025-11-07 00:38:07.947940,1.0,143
856,Ticket reassigned from Zxakira Napoles to Limuel Ongtingco by Limuel Ongtingco.,2025-11-07 00:38:17.095452,1.0,143
857,Ticket status automatically changed to Open by Limuel Ongtingco viewing it.,2025-11-07 00:40:23.266603,4.0,143
858,RT Ticket Number '2106' added by Limuel Ongtingco.,2025-11-07 00:50:10.452350,4.0,143
859,Status changed from Open to In Progress by Limuel Ongtingco.,2025-11-07 00:50:10.452354,4.0,143
860,Ticket created by Limuel Ongtingco,2025-11-07 01:51:15.523886,1.0,144
861,Ticket auto-assigned to Zxakira Napoles,2025-11-07 01:51:15.539590,1.0,144
862,Ticket status automatically changed to Open by Zxakira Napoles viewing it.,2025-11-07 01:51:31.116526,3.0,144
863,Ticket created by Limuel Ongtingco,2025-11-07 02:52:04.415664,1.0,145
864,Ticket auto-assigned to Zxakira Napoles,2025-11-07 02:52:04.436143,1.0,145
865,Ticket reassigned from Zxakira Napoles to Sophia Paloma by Limuel Ongtingco.,2025-11-07 02:52:10.283618,1.0,145
866,Ticket created by Limuel Ongtingco,2025-11-07 02:52:42.829837,1.0,146
867,Ticket auto-assigned to Zxakira Napoles,2025-11-07 02:52:42.836787,1.0,146
868,Ticket reassigned from Zxakira Napoles to Limuel Ongtingco by Limuel Ongtingco.,2025-11-07 02:52:48.592475,1.0,146
869,Ticket status automatically changed to Open by Limuel Ongtingco viewing it.,2025-11-07 02:52:55.821282,4.0,146
870,Ticket status automatically changed to Open by Sophia Paloma viewing it.,2025-11-07 02:53:00.972370,5.0,145
871,Status changed from Open to Resolved by Zxakira Napoles.,2025-11-07 03:16:20.022695,3.0,144
872,Ticket created by Limuel Ongtingco,2025-11-07 03:16:46.568459,1.0,147
873,Ticket auto-assigned to Zxakira Napoles,2025-11-07 03:16:46.586254,1.0,147
874,Ticket status automatically changed to Open by Zxakira Napoles viewing it.,2025-11-07 03:16:56.384613,3.0,147
875,RT Ticket Number '1635' added by Limuel Ongtingco.,2025-11-07 03:18:35.064511,1.0,144
876,RT Ticket Number '1634' added by Limuel Ongtingco.,2025-11-07 03:18:54.335324,1.0,145
877,RT Ticket Number '1633' added by Limuel Ongtingco.,2025-11-07 03:19:09.736469,1.0,146
878,Status changed from Open to In Progress by Limuel Ongtingco.,2025-11-07 03:19:20.971275,1.0,145
879,Status changed from Open to In Progress by Limuel Ongtingco.,2025-11-07 03:19:28.521286,1.0,146
880,Ticket created by Limuel Ongtingco,2025-11-07 03:20:40.415776,1.0,148
881,Ticket auto-assigned to Zxakira Napoles,2025-11-07 03:20:40.468356,1.0,148
882,Ticket reassigned from Zxakira Napoles to Limuel Ongtingco by Limuel Ongtingco.,2025-11-07 03:20:45.619211,1.0,148
883,Ticket created by Limuel Ongtingco,2025-11-07 05:10:13.289197,1.0,149
884,Ticket auto-assigned to Zxakira Napoles,2025-11-07 05:10:13.323278,1.0,149
885,Ticket reassigned from Zxakira Napoles to Limuel Ongtingco by Limuel Ongtingco.,2025-11-07 05:11:03.525253,1.0,149
886,Ticket status automatically changed to Open by Limuel Ongtingco viewing it.,2025-11-07 05:11:56.355790,4.0,149
887,RT Ticket Number '1637' added by Zxakira Napoles.,2025-11-07 05:12:46.786129,3.0,147
888,Status changed from Open to In Progress by Zxakira Napoles.,2025-11-07 05:12:46.786134,3.0,147
889,RT Ticket Number '1639' added by Limuel Ongtingco.,2025-11-07 05:16:04.348869,4.0,149
890,Status changed from Open to In Progress by Limuel Ongtingco.,2025-11-07 05:16:04.348874,4.0,149
891,Ticket status automatically changed to Open by Limuel Ongtingco viewing it.,2025-11-07 05:16:07.086646,4.0,148
892,Ticket created by Limuel Ongtingco,2025-11-07 05:17:46.073446,1.0,151
893,Ticket auto-assigned to Zxakira Napoles,2025-11-07 05:17:46.078614,1.0,151
894,Ticket reassigned from Zxakira Napoles to Sophia Paloma by Limuel Ongtingco.,2025-11-07 05:17:52.510341,1.0,151
895,Ticket status automatically changed to Open by Sophia Paloma viewing it.,2025-11-07 05:18:09.255134,5.0,151
896,RT Ticket Number '1641' added by Limuel Ongtingco.,2025-11-07 05:20:35.387620,4.0,148
897,Remark added by Limuel Ongtingco: Already sent the email SOA to the client and forwarded as well to Tac Team,2025-11-07 05:20:35.408577,4.0,148
898,Status changed from Open to Resolved by Limuel Ongtingco.,2025-11-07 05:20:35.408581,4.0,148
899,Ticket created by Limuel Ongtingco,2025-11-07 07:45:22.692998,1.0,152
900,Ticket auto-assigned to Zxakira Napoles,2025-11-07 07:45:22.711921,1.0,152
901,Ticket status automatically changed to Open by Zxakira Napoles viewing it.,2025-11-07 07:45:42.149665,3.0,152
902,Ticket created by Limuel Ongtingco,2025-11-07 07:46:16.010942,1.0,153
903,Ticket auto-assigned to Zxakira Napoles,2025-11-07 07:46:16.019455,1.0,153
904,Ticket reassigned from Zxakira Napoles to Limuel Ongtingco by Limuel Ongtingco.,2025-11-07 07:46:25.633702,1.0,153
905,RT Ticket Number '1642' added by Limuel Ongtingco.,2025-11-07 07:48:15.369589,1.0,151
906,Status changed from Open to In Progress by Limuel Ongtingco.,2025-11-07 07:48:20.775958,1.0,151
907,RT Ticket Number '1644' added by Zxakira Napoles.,2025-11-07 07:48:29.326325,3.0,152
908,Status changed from Open to In Progress by Zxakira Napoles.,2025-11-07 07:48:29.326330,3.0,152
909,Ticket status automatically changed to Open by Limuel Ongtingco viewing it.,2025-11-07 07:49:07.613318,4.0,153
910,RT Ticket Number '1646' added by Limuel Ongtingco.,2025-11-07 07:52:48.629687,4.0,153
911,Status changed from Open to In Progress by Limuel Ongtingco.,2025-11-07 07:52:48.629693,4.0,153
912,Ticket created by Limuel Ongtingco,2025-11-07 08:09:45.455825,1.0,154
913,Ticket auto-assigned to Zxakira Napoles,2025-11-07 08:09:45.473833,1.0,154
914,Ticket reassigned from Zxakira Napoles to Limuel Ongtingco by Limuel Ongtingco.,2025-11-07 08:09:49.641201,1.0,154
915,Ticket status automatically changed to Open by Limuel Ongtingco viewing it.,2025-11-07 08:10:00.722462,4.0,154
916,RT Ticket Number '1647' added by Limuel Ongtingco.,2025-11-07 08:13:42.306526,4.0,154
917,Remark added by Limuel Ongtingco: Payment received and verified by DC,2025-11-07 08:13:42.315065,4.0,154
918,Status changed from Open to Resolved by Limuel Ongtingco.,2025-11-07 08:13:42.315070,4.0,154
919,Ticket created by Limuel Ongtingco,2025-11-07 08:54:20.511918,1.0,155
920,Ticket auto-assigned to Zxakira Napoles,2025-11-07 08:54:20.551506,1.0,155
921,Ticket status automatically changed to Open by Zxakira Napoles viewing it.,2025-11-07 08:54:41.665500,3.0,155
922,Ticket reassigned from Zxakira Napoles to Limuel Ongtingco by Limuel Ongtingco.,2025-11-07 08:55:32.682340,1.0,155
923,RT Ticket Number '1649' added by Limuel Ongtingco.,2025-11-07 09:17:43.447252,1.0,155
924,Status changed from Open to In Progress by Limuel Ongtingco.,2025-11-07 09:17:43.447256,1.0,155
925,Ticket created by Limuel Ongtingco,2025-11-09 23:36:18.511121,1.0,156
926,Ticket auto-assigned to Zxakira Napoles,2025-11-09 23:36:18.525027,1.0,156
927,Ticket created by Limuel Ongtingco,2025-11-09 23:40:09.053397,1.0,157
928,Ticket auto-assigned to Zxakira Napoles,2025-11-09 23:40:09.150931,1.0,157
929,Ticket reassigned from Zxakira Napoles to Sophia Paloma by Limuel Ongtingco.,2025-11-09 23:40:21.320654,1.0,157
930,Ticket created by Limuel Ongtingco,2025-11-09 23:40:51.210222,1.0,158
931,Ticket auto-assigned to Zxakira Napoles,2025-11-09 23:40:51.225164,1.0,158
932,Ticket reassigned from Zxakira Napoles to Limuel Ongtingco by Limuel Ongtingco.,2025-11-09 23:40:56.190064,1.0,158
933,Ticket created by Limuel Ongtingco,2025-11-09 23:41:26.324930,1.0,159
934,Ticket auto-assigned to Zxakira Napoles,2025-11-09 23:41:26.329111,1.0,159
935,Ticket created by Limuel Ongtingco,2025-11-09 23:47:58.706987,1.0,160
936,Ticket auto-assigned to Zxakira Napoles,2025-11-09 23:47:58.715505,1.0,160
937,Ticket reassigned from Zxakira Napoles to Sophia Paloma by Limuel Ongtingco.,2025-11-09 23:48:04.020456,1.0,160
938,Ticket status automatically changed to Open by Limuel Ongtingco viewing it.,2025-11-09 23:49:20.006629,4.0,158
939,Ticket reassigned from Zxakira Napoles to Limuel Ongtingco by Limuel Ongtingco.,2025-11-09 23:57:52.717934,1.0,156
940,RT Ticket Number '1651' added by Limuel Ongtingco.,2025-11-09 23:58:08.514958,4.0,158
941,Status changed from Open to In Progress by Limuel Ongtingco.,2025-11-09 23:58:08.514962,4.0,158
942,Ticket status automatically changed to Open by Limuel Ongtingco viewing it.,2025-11-09 23:58:11.714216,4.0,156
943,RT Ticket Number '1653' added by Limuel Ongtingco.,2025-11-10 00:02:43.846802,4.0,156
944,Status changed from Open to In Progress by Limuel Ongtingco.,2025-11-10 00:02:43.846806,4.0,156
945,Ticket status automatically changed to Open by Zxakira Napoles viewing it.,2025-11-10 00:11:03.649787,3.0,159
946,Ticket status automatically changed to Open by Sophia Paloma viewing it.,2025-11-10 00:12:38.967756,5.0,160
947,RT Ticket Number '1654' added by Zxakira Napoles.,2025-11-10 00:15:02.295766,3.0,159
948,Status changed from Open to In Progress by Zxakira Napoles.,2025-11-10 00:15:02.295771,3.0,159
949,Status changed from In Progress to Resolved by Zxakira Napoles.,2025-11-10 00:15:11.969509,3.0,152
950,RT Ticket Number '1656' added by Sophia Paloma.,2025-11-10 00:23:05.931555,5.0,160
951,Status changed from Open to In Progress by Sophia Paloma.,2025-11-10 00:23:05.931559,5.0,160
952,Ticket status automatically changed to Open by Sophia Paloma viewing it.,2025-11-10 00:23:10.808718,5.0,157
953,RT Ticket Number '1659' added by Sophia Paloma.,2025-11-10 00:30:03.494662,5.0,157
954,Status changed from Open to In Progress by Sophia Paloma.,2025-11-10 00:30:03.494667,5.0,157
955,Remark added by Zxakira Napoles: Ticket marked as rejected,2025-11-10 00:47:51.564586,3.0,7
956,Status changed from In Progress to Resolved by Zxakira Napoles.,2025-11-10 00:47:51.564590,3.0,7
957,Ticket created by Limuel Ongtingco,2025-11-10 02:09:39.135267,1.0,161
958,Ticket auto-assigned to Zxakira Napoles,2025-11-10 02:09:39.216912,1.0,161
959,Ticket status automatically changed to Open by Zxakira Napoles viewing it.,2025-11-10 02:09:48.351729,3.0,161
960,RT Ticket Number '1661' added by Zxakira Napoles.,2025-11-10 02:34:24.385563,3.0,161
961,Status changed from Open to In Progress by Zxakira Napoles.,2025-11-10 02:34:24.385567,3.0,161
962,Ticket created by Limuel Ongtingco,2025-11-10 02:36:43.107218,1.0,162
963,Ticket auto-assigned to Zxakira Napoles,2025-11-10 02:36:43.194416,1.0,162
964,Ticket reassigned from Zxakira Napoles to Sophia Paloma by Limuel Ongtingco.,2025-11-10 02:36:49.386672,1.0,162
965,Ticket status automatically changed to Open by Sophia Paloma viewing it.,2025-11-10 02:37:04.611127,5.0,162
968,Email log added by Limuel Ongtingco.,2025-11-10 02:44:01.659210,1.0,42
969,Remark added by Limuel Ongtingco: Re-opening the ticket. Client experienced LoS,2025-11-10 02:44:27.949943,1.0,42
970,Status changed from Resolved to In Progress by Limuel Ongtingco.,2025-11-10 02:44:27.949948,1.0,42
971,RT Ticket Number '1662' added by Sophia Paloma.,2025-11-10 02:46:50.834373,5.0,162
972,Status changed from Open to In Progress by Sophia Paloma.,2025-11-10 02:46:50.834377,5.0,162
973,Status changed from In Progress to Resolved by Sophia Paloma.,2025-11-10 02:46:57.487172,5.0,157
974,Status changed from In Progress to Resolved by Sophia Paloma.,2025-11-10 02:47:07.442622,5.0,160
975,Ticket created by Limuel Ongtingco,2025-11-10 03:09:33.994177,1.0,165
976,Ticket auto-assigned to Zxakira Napoles,2025-11-10 03:09:34.000750,1.0,165
977,Ticket reassigned from Zxakira Napoles to Limuel Ongtingco by Limuel Ongtingco.,2025-11-10 03:09:39.216457,1.0,165
978,Ticket created by Limuel Ongtingco,2025-11-10 05:16:52.345087,1.0,166
979,Ticket auto-assigned to Zxakira Napoles,2025-11-10 05:16:52.356912,1.0,166
980,Ticket reassigned from Zxakira Napoles to Sophia Paloma by Limuel Ongtingco.,2025-11-10 05:17:21.492282,1.0,166
981,Ticket status automatically changed to Open by Sophia Paloma viewing it.,2025-11-10 05:17:38.316851,5.0,166
982,Status changed from In Progress to Resolved by Zxakira Napoles.,2025-11-10 05:17:43.023560,3.0,159
983,Status changed from In Progress to Resolved by Zxakira Napoles.,2025-11-10 05:17:49.183464,3.0,142
984,RT Ticket Number '1666' added by Limuel Ongtingco.,2025-11-10 05:24:50.223477,1.0,166
985,Status changed from Open to In Progress by Limuel Ongtingco.,2025-11-10 05:24:50.223483,1.0,166
986,Ticket status automatically changed to Open by Limuel Ongtingco viewing it.,2025-11-10 06:57:30.045322,4.0,165
987,Remark added by Limuel Ongtingco: The ticket has already been resolved by the tech team on Oct 30 18:01:24 2025,2025-11-10 07:05:51.437953,1.0,13
988,Status changed from In Progress to Resolved by Limuel Ongtingco.,2025-11-10 07:05:51.437959,1.0,13
989,Ticket created by Limuel Ongtingco,2025-11-10 07:07:16.156849,1.0,168
990,Ticket auto-assigned to Zxakira Napoles,2025-11-10 07:07:16.164644,1.0,168
991,Ticket reassigned from Zxakira Napoles to Limuel Ongtingco by Limuel Ongtingco.,2025-11-10 07:07:23.050924,1.0,168
992,Ticket created by Limuel Ongtingco,2025-11-10 07:07:47.366788,1.0,169
993,Ticket auto-assigned to Zxakira Napoles,2025-11-10 07:07:47.371585,1.0,169
994,Ticket status automatically changed to Open by Limuel Ongtingco viewing it.,2025-11-10 07:10:02.902983,4.0,168
995,RT Ticket Number '1668' added by Limuel Ongtingco.,2025-11-10 07:13:41.580935,1.0,168
996,Status changed from Open to In Progress by Limuel Ongtingco.,2025-11-10 07:13:41.580939,1.0,168
997,Ticket status automatically changed to Open by Zxakira Napoles viewing it.,2025-11-10 07:31:33.457536,3.0,169
998,RT Ticket Number '1670' added by Zxakira Napoles.,2025-11-10 07:34:28.182201,3.0,169
999,Status changed from Open to In Progress by Zxakira Napoles.,2025-11-10 07:34:28.182205,3.0,169
1000,Ticket created by Limuel Ongtingco,2025-11-11 01:12:05.228867,1.0,170
1001,Ticket auto-assigned to Zxakira Napoles,2025-11-11 01:12:05.243552,1.0,170
1002,Ticket reassigned from Zxakira Napoles to Sophia Paloma by Limuel Ongtingco.,2025-11-11 01:12:11.215411,1.0,170
1003,Ticket status automatically changed to Open by Sophia Paloma viewing it.,2025-11-11 01:12:15.455316,5.0,170
1004,RT Ticket Number '1672' added by Limuel Ongtingco.,2025-11-11 01:15:01.606628,1.0,170
1005,Status changed from Open to In Progress by Limuel Ongtingco.,2025-11-11 01:15:04.342055,1.0,170
1006,Remark added by Limuel Ongtingco: Payment received and verified,2025-11-11 01:25:35.147174,4.0,158
1007,Status changed from In Progress to Resolved by Limuel Ongtingco.,2025-11-11 01:25:35.147180,4.0,158
1008,Remark added by Limuel Ongtingco: This concern has taken care of by the Tacloban team. ,2025-11-11 01:33:34.268685,4.0,129
1009,Status changed from Pending to In Progress by Limuel Ongtingco.,2025-11-11 01:33:34.268691,4.0,129
1010,Ticket created by Limuel Ongtingco,2025-11-11 03:04:27.495205,1.0,172
1011,Ticket auto-assigned to Zxakira Napoles,2025-11-11 03:04:27.560309,1.0,172
1012,Ticket status automatically changed to Open by Zxakira Napoles viewing it.,2025-11-11 03:04:33.057213,3.0,172
1013,RT Ticket Number '1674' added by Limuel Ongtingco.,2025-11-11 03:50:29.622743,1.0,172
1014,Status changed from Open to In Progress by Limuel Ongtingco.,2025-11-11 03:50:29.622749,1.0,172
1015,Ticket created by Limuel Ongtingco,2025-11-11 04:17:57.024392,1.0,173
1016,Ticket auto-assigned to Zxakira Napoles,2025-11-11 04:17:57.095005,1.0,173
1017,Ticket reassigned from Zxakira Napoles to Limuel Ongtingco by Limuel Ongtingco.,2025-11-11 04:18:12.421862,1.0,173
1018,RT Ticket Number '1403' added by Limuel Ongtingco.,2025-11-11 04:18:12.421867,1.0,173
1019,Status changed from New to In Progress by Limuel Ongtingco.,2025-11-11 04:18:12.421870,1.0,173
1020,Ticket created by Limuel Ongtingco,2025-11-11 08:30:30.788543,1.0,174
1021,Ticket auto-assigned to Zxakira Napoles,2025-11-11 08:30:30.804434,1.0,174
1022,Ticket reassigned from Zxakira Napoles to Limuel Ongtingco by Limuel Ongtingco.,2025-11-11 08:30:35.575268,1.0,174
1023,Ticket status automatically changed to Open by Limuel Ongtingco viewing it.,2025-11-11 08:30:41.640945,4.0,174
1024,RT Ticket Number '1657' added by Limuel Ongtingco.,2025-11-11 08:57:11.288544,4.0,174
1025,Status changed from Open to Resolved by Limuel Ongtingco.,2025-11-11 08:57:11.288548,4.0,174
1026,RT Ticket Number changed from '1657' to '1675' by Limuel Ongtingco.,2025-11-11 08:57:22.567813,4.0,174
1027,Ticket created by Limuel Ongtingco,2025-11-11 09:01:31.416690,1.0,175
1028,Ticket auto-assigned to Zxakira Napoles,2025-11-11 09:01:31.476433,1.0,175
1029,Ticket created by Limuel Ongtingco,2025-11-11 09:02:18.471819,1.0,176
1030,Ticket auto-assigned to Zxakira Napoles,2025-11-11 09:02:18.476171,1.0,176
1031,Ticket reassigned from Zxakira Napoles to Sophia Paloma by Limuel Ongtingco.,2025-11-11 09:02:24.409121,1.0,176
1032,Ticket status automatically changed to Open by Sophia Paloma viewing it.,2025-11-11 09:02:28.618419,5.0,176
1033,Ticket status automatically changed to Open by Zxakira Napoles viewing it.,2025-11-11 09:03:06.702358,3.0,175
1034,RT Ticket Number '1677' added by Sophia Paloma.,2025-11-11 09:05:51.801861,5.0,176
1035,Status changed from Open to In Progress by Sophia Paloma.,2025-11-11 09:05:51.801865,5.0,176
1036,RT Ticket Number '1678' added by Limuel Ongtingco.,2025-11-11 09:18:45.570301,1.0,175
1037,Status changed from Open to Resolved by Limuel Ongtingco.,2025-11-11 09:18:45.570305,1.0,175
1038,Status changed from In Progress to Resolved by Limuel Ongtingco.,2025-11-11 09:18:53.069255,1.0,176
1039,Status changed from In Progress to Resolved by Limuel Ongtingco.,2025-11-11 09:23:17.882651,1.0,140
1040,Ticket created by Limuel Ongtingco,2025-11-11 09:59:39.531336,1.0,177
1041,Ticket auto-assigned to Zxakira Napoles,2025-11-11 09:59:39.545978,1.0,177
1042,Ticket reassigned from Zxakira Napoles to Limuel Ongtingco by Limuel Ongtingco.,2025-11-11 23:57:13.949394,1.0,177
1043,Ticket created by Limuel Ongtingco,2025-11-11 23:58:39.994375,1.0,178
1044,Ticket auto-assigned to Zxakira Napoles,2025-11-11 23:58:40.001200,1.0,178
1045,Email log added by Limuel Ongtingco.,2025-11-11 23:59:07.148770,1.0,178
1046,Ticket status automatically changed to Open by Zxakira Napoles viewing it.,2025-11-11 23:59:26.206120,3.0,178
1047,RT Ticket Number '1680' added by Zxakira Napoles.,2025-11-12 00:03:36.087590,3.0,178
1048,Status changed from Open to In Progress by Zxakira Napoles.,2025-11-12 00:03:36.087595,3.0,178
1049,Ticket status automatically changed to Open by Limuel Ongtingco viewing it.,2025-11-12 01:02:54.664618,4.0,177
1050,Remark added by Limuel Ongtingco: payment received and verified,2025-11-12 02:00:44.501009,4.0,155
1051,Status changed from In Progress to Resolved by Limuel Ongtingco.,2025-11-12 02:00:44.501013,4.0,155
1052,Ticket created by Limuel Ongtingco,2025-11-12 02:14:25.392296,1.0,179
1053,Ticket auto-assigned to Zxakira Napoles,2025-11-12 02:14:25.402194,1.0,179
1054,Ticket status automatically changed to Open by Zxakira Napoles viewing it.,2025-11-12 02:14:37.286973,3.0,179
1055,RT Ticket Number '1682' added by Zxakira Napoles.,2025-11-12 02:18:26.966214,3.0,179
1056,Status changed from Open to In Progress by Zxakira Napoles.,2025-11-12 02:18:26.966220,3.0,179
1057,RT Ticket Number '1683' added by Limuel Ongtingco.,2025-11-12 02:18:51.066842,4.0,165
1058,Status changed from Open to In Progress by Limuel Ongtingco.,2025-11-12 02:18:51.066847,4.0,165
1059,Status changed from In Progress to Resolved by Zxakira Napoles.,2025-11-12 02:19:09.963690,3.0,121
1060,Status changed from In Progress to Resolved by Zxakira Napoles.,2025-11-12 02:21:53.478364,3.0,39
1061,Ticket created by Limuel Ongtingco,2025-11-12 03:15:42.243473,1.0,180
1062,Ticket auto-assigned to Zxakira Napoles,2025-11-12 03:15:42.545472,1.0,180
1063,Ticket reassigned from Zxakira Napoles to Sophia Paloma by Limuel Ongtingco.,2025-11-12 03:15:50.901437,1.0,180
1064,Ticket status automatically changed to Open by Sophia Paloma viewing it.,2025-11-12 03:16:15.803971,5.0,180
1065,RT Ticket Number '1684' added by Sophia Paloma.,2025-11-12 03:24:10.342515,5.0,180
1066,Status changed from Open to In Progress by Sophia Paloma.,2025-11-12 03:24:10.342519,5.0,180
1067,Ticket created by Limuel Ongtingco,2025-11-12 07:15:03.636057,1.0,181
1068,Ticket auto-assigned to Zxakira Napoles,2025-11-12 07:15:03.649969,1.0,181
1069,Ticket reassigned from Zxakira Napoles to Limuel Ongtingco by Limuel Ongtingco.,2025-11-12 07:15:19.280449,1.0,181
1070,Email log added by Limuel Ongtingco.,2025-11-12 07:15:26.871559,4.0,165
1071,Remark added by Limuel Ongtingco: Already sent an email to the client ,2025-11-12 07:15:49.325784,4.0,165
1072,Status changed from In Progress to Resolved by Limuel Ongtingco.,2025-11-12 07:15:49.325789,4.0,165
1073,Remark added by Limuel Ongtingco: The client decided to cancel this account instead,2025-11-12 07:16:12.154139,4.0,177
1074,Status changed from Open to Resolved by Limuel Ongtingco.,2025-11-12 07:16:12.154144,4.0,177
1075,Remark added by Limuel Ongtingco: Forwarded the concern to Tacloban team for further assistance,2025-11-12 07:16:41.593865,4.0,129
1076,Status changed from In Progress to Resolved by Limuel Ongtingco.,2025-11-12 07:16:41.593869,4.0,129
1077,Ticket status automatically changed to Open by Limuel Ongtingco viewing it.,2025-11-12 07:17:01.453548,4.0,181
1078,RT Ticket Number '1687' added by Limuel Ongtingco.,2025-11-12 07:31:50.855948,4.0,181
1079,Status changed from Open to In Progress by Limuel Ongtingco.,2025-11-12 07:31:50.855952,4.0,181
1080,Ticket created by Limuel Ongtingco,2025-11-12 23:52:00.751013,1.0,182
1081,Ticket auto-assigned to Zxakira Napoles,2025-11-12 23:52:00.759416,1.0,182
1082,Ticket status automatically changed to Open by Zxakira Napoles viewing it.,2025-11-12 23:58:03.107074,3.0,182
1083,Ticket created by Limuel Ongtingco,2025-11-13 00:09:01.477942,1.0,183
1084,Ticket auto-assigned to Zxakira Napoles,2025-11-13 00:09:01.482816,1.0,183
1088,Ticket reassigned from Zxakira Napoles to Sophia Paloma by Limuel Ongtingco.,2025-11-13 00:09:29.256790,1.0,183
1089,RT Ticket Number '1691' added by Zxakira Napoles.,2025-11-13 00:11:27.825982,3.0,182
1090,Status changed from Open to In Progress by Zxakira Napoles.,2025-11-13 00:11:27.825986,3.0,182
1091,Remark added by Zxakira Napoles: Payment Received and Verified,2025-11-13 00:11:44.855435,3.0,179
1092,Status changed from In Progress to Resolved by Zxakira Napoles.,2025-11-13 00:11:44.855438,3.0,179
1093,Ticket status automatically changed to Open by Sophia Paloma viewing it.,2025-11-13 01:25:16.820174,5.0,183
1094,RT Ticket Number '1693' added by Sophia Paloma.,2025-11-13 01:31:25.800759,5.0,183
1095,Status changed from Open to In Progress by Sophia Paloma.,2025-11-13 01:31:25.800763,5.0,183
1096,Status changed from In Progress to Resolved by Sophia Paloma.,2025-11-13 01:35:36.202425,5.0,100
1097,Status changed from In Progress to Resolved by Sophia Paloma.,2025-11-13 01:35:46.097508,5.0,162
1098,Status changed from In Progress to Resolved by Sophia Paloma.,2025-11-13 01:35:52.682623,5.0,145
1099,Remark added by Limuel Ongtingco: merged to ticket #1458,2025-11-13 01:46:38.588369,1.0,95
1100,Status changed from In Progress to Resolved by Limuel Ongtingco.,2025-11-13 01:46:38.588375,1.0,95
1101,Ticket created by Limuel Ongtingco,2025-11-13 03:13:10.883119,1.0,188
1102,Ticket auto-assigned to Zxakira Napoles,2025-11-13 03:13:10.895626,1.0,188
1103,Ticket reassigned from Zxakira Napoles to Limuel Ongtingco by Limuel Ongtingco.,2025-11-13 03:13:24.650073,1.0,188
1104,Ticket status automatically changed to Open by Limuel Ongtingco viewing it.,2025-11-13 03:13:29.683479,4.0,188
1105,RT Ticket Number '1695' added by Limuel Ongtingco.,2025-11-13 03:20:48.061451,4.0,188
1106,Status changed from Open to In Progress by Limuel Ongtingco.,2025-11-13 03:20:48.061455,4.0,188
1107,Ticket created by Limuel Ongtingco,2025-11-13 03:28:10.069291,1.0,189
1108,Ticket auto-assigned to Zxakira Napoles,2025-11-13 03:28:10.085622,1.0,189
1109,Ticket reassigned from Zxakira Napoles to Limuel Ongtingco by Limuel Ongtingco.,2025-11-13 03:28:32.166690,1.0,189
1110,Ticket status automatically changed to Open by Limuel Ongtingco viewing it.,2025-11-13 03:28:37.152447,4.0,189
1111,RT Ticket Number '1696' added by Limuel Ongtingco.,2025-11-13 03:35:02.057717,4.0,189
1112,Status changed from Open to In Progress by Limuel Ongtingco.,2025-11-13 03:35:02.057721,4.0,189
1113,Ticket created by Limuel Ongtingco,2025-11-13 03:43:04.300697,1.0,190
1114,Ticket auto-assigned to Zxakira Napoles,2025-11-13 03:43:04.306395,1.0,190
1115,RT Ticket Number '1698' added by Limuel Ongtingco.,2025-11-13 03:43:23.820236,1.0,190
1116,Status changed from New to In Progress by Limuel Ongtingco.,2025-11-13 03:43:23.820239,1.0,190
1117,Remark added by Limuel Ongtingco: The disconnection has been processed.,2025-11-14 00:16:44.181160,1.0,190
1118,Status changed from In Progress to Resolved by Limuel Ongtingco.,2025-11-14 00:16:44.181164,1.0,190
1119,Remark added by Limuel Ongtingco: This ticket will be set to resolved.,2025-11-14 00:31:53.124835,1.0,98
1120,Status changed from Pending to Resolved by Limuel Ongtingco.,2025-11-14 00:31:53.124841,1.0,98
1121,Remark added by Limuel Ongtingco: Rebate has been applied.,2025-11-14 01:20:02.397053,4.0,188
1122,Status changed from In Progress to Resolved by Limuel Ongtingco.,2025-11-14 01:20:02.397057,4.0,188
1123,Ticket created by Limuel Ongtingco,2025-11-14 01:20:40.858070,1.0,191
1124,Ticket auto-assigned to Zxakira Napoles,2025-11-14 01:20:40.897879,1.0,191
1125,Ticket reassigned from Zxakira Napoles to Sophia Paloma by Limuel Ongtingco.,2025-11-14 01:20:46.000436,1.0,191
1126,Ticket status automatically changed to Open by Sophia Paloma viewing it.,2025-11-14 01:21:18.322815,5.0,191
1127,Ticket created by Limuel Ongtingco,2025-11-14 01:21:48.306302,1.0,192
1128,Ticket auto-assigned to Zxakira Napoles,2025-11-14 01:21:48.312490,1.0,192
1129,Ticket reassigned from Zxakira Napoles to Limuel Ongtingco by Limuel Ongtingco.,2025-11-14 01:21:54.819571,1.0,192
1130,Ticket status automatically changed to Open by Limuel Ongtingco viewing it.,2025-11-14 01:21:59.103961,4.0,192
1131,RT Ticket Number '1700' added by Sophia Paloma.,2025-11-14 01:25:38.331637,5.0,191
1132,Status changed from Open to In Progress by Sophia Paloma.,2025-11-14 01:25:38.331640,5.0,191
1133,RT Ticket Number '1702' added by Limuel Ongtingco.,2025-11-14 01:28:16.276002,4.0,192
1134,Status changed from Open to In Progress by Limuel Ongtingco.,2025-11-14 01:28:16.276006,4.0,192
1135,Remark added by Limuel Ongtingco: Follow-up the client again to check if she has an internet connection. Waiting for her response.,2025-11-14 01:56:39.174477,4.0,40
1136,Remark added by Limuel Ongtingco: RT Ticket has already been resolved: Fri Nov 07 09:05:21 2025,2025-11-14 01:57:54.086241,4.0,51
1137,Status changed from In Progress to Resolved by Limuel Ongtingco.,2025-11-14 01:57:54.086245,4.0,51
1138,"Remark added by Limuel Ongtingco: Ticket Update
Status: Completed in the Coronatel Pending Ticket Excel file.
Next Step: Currently waiting for the Tech Team to resolve the ticket.",2025-11-14 02:07:52.347395,4.0,72
1139,Status changed from In Progress to Pending by Limuel Ongtingco.,2025-11-14 02:12:38.824304,4.0,56
1140,Status changed from In Progress to Pending by Limuel Ongtingco.,2025-11-14 02:13:00.521353,4.0,72
1141,"Remark added by Limuel Ongtingco: Status: Completed in the Coronatel Pending Ticket Excel file.
Next Step: Currently waiting for the Tech Team to resolve the ticket.",2025-11-14 02:25:53.264522,4.0,93
1142,Status changed from In Progress to Pending by Limuel Ongtingco.,2025-11-14 02:25:53.264527,4.0,93
1143,Remark added by Limuel Ongtingco: Done processing the request of the client. ,2025-11-16 23:43:56.153673,4.0,192
1144,Status changed from In Progress to Resolved by Limuel Ongtingco.,2025-11-16 23:43:56.153677,4.0,192
1145,Ticket created by Limuel Ongtingco,2025-11-16 23:44:48.563498,1.0,193
1146,Ticket auto-assigned to Zxakira Napoles,2025-11-16 23:44:48.621756,1.0,193
1147,Ticket created by Limuel Ongtingco,2025-11-16 23:47:49.068565,1.0,194
1148,Ticket auto-assigned to Zxakira Napoles,2025-11-16 23:47:49.072493,1.0,194
1149,Ticket reassigned from Zxakira Napoles to Sophia Paloma by Limuel Ongtingco.,2025-11-16 23:47:53.580766,1.0,194
1150,Ticket status automatically changed to Open by Zxakira Napoles viewing it.,2025-11-17 00:04:44.934941,3.0,193
1151,Ticket status automatically changed to Open by Sophia Paloma viewing it.,2025-11-17 00:10:05.986056,5.0,194
1152,RT Ticket Number '1705' added by Zxakira Napoles.,2025-11-17 00:16:51.669681,3.0,193
1153,Status changed from Open to In Progress by Zxakira Napoles.,2025-11-17 00:16:51.669685,3.0,193
1154,RT Ticket Number '1706' added by Sophia Paloma.,2025-11-17 00:17:09.549463,5.0,194
1155,Status changed from Open to In Progress by Sophia Paloma.,2025-11-17 00:17:09.549468,5.0,194
1156,Status changed from In Progress to Resolved by Zxakira Napoles.,2025-11-17 00:22:49.989613,3.0,134
1157,Status changed from In Progress to Resolved by Zxakira Napoles.,2025-11-17 00:31:02.995692,3.0,114
1158,Status changed from In Progress to Resolved by Zxakira Napoles.,2025-11-17 01:30:12.059596,3.0,178
1159,Ticket created by Limuel Ongtingco,2025-11-17 02:36:11.889504,1.0,195
1160,Ticket auto-assigned to Zxakira Napoles,2025-11-17 02:36:12.254984,1.0,195
1161,Ticket reassigned from Zxakira Napoles to Limuel Ongtingco by Limuel Ongtingco.,2025-11-17 02:36:21.261224,1.0,195
1162,Ticket status automatically changed to Open by Limuel Ongtingco viewing it.,2025-11-17 02:36:51.225636,4.0,195
1163,RT Ticket Number '1708' added by Limuel Ongtingco.,2025-11-17 02:43:32.166336,4.0,195
1164,Status changed from Open to In Progress by Limuel Ongtingco.,2025-11-17 02:43:32.166340,4.0,195
1165,Status changed from In Progress to Resolved by Zxakira Napoles.,2025-11-17 02:51:01.134373,3.0,182
1166,Remark added by Limuel Ongtingco: Verified and received,2025-11-17 04:55:22.956738,1.0,194
1167,Status changed from In Progress to Resolved by Limuel Ongtingco.,2025-11-17 04:55:22.956742,1.0,194
1168,Ticket created by Limuel Ongtingco,2025-11-17 04:55:44.420671,1.0,196
1169,Ticket auto-assigned to Zxakira Napoles,2025-11-17 04:55:44.433712,1.0,196
1170,Ticket reassigned from Zxakira Napoles to Sophia Paloma by Limuel Ongtingco.,2025-11-17 04:55:48.520353,1.0,196
1171,Ticket status automatically changed to Open by Sophia Paloma viewing it.,2025-11-17 04:56:40.518915,5.0,196
1172,RT Ticket Number '1710' added by Sophia Paloma.,2025-11-17 05:16:10.546523,5.0,196
1173,Status changed from Open to Resolved by Sophia Paloma.,2025-11-17 05:16:10.546529,5.0,196
1174,Status changed from In Progress to Resolved by Sophia Paloma.,2025-11-17 05:16:25.254001,5.0,183
1175,Ticket created by Limuel Ongtingco,2025-11-17 07:03:47.810074,1.0,197
1176,Ticket auto-assigned to Zxakira Napoles,2025-11-17 07:03:47.820644,1.0,197
1177,Ticket reassigned from Zxakira Napoles to Limuel Ongtingco by Limuel Ongtingco.,2025-11-17 07:03:51.637377,1.0,197
1178,Ticket status automatically changed to Open by Limuel Ongtingco viewing it.,2025-11-17 07:03:59.371830,4.0,197
1179,Status changed from In Progress to Resolved by Zxakira Napoles.,2025-11-17 07:58:59.571662,3.0,193
1180,Status changed from In Progress to Resolved by Zxakira Napoles.,2025-11-17 07:59:10.506995,3.0,172
1181,Status changed from Open to In Progress by Limuel Ongtingco.,2025-11-17 08:06:09.562613,4.0,197
1182,RT Ticket Number '1712' added by Limuel Ongtingco.,2025-11-17 08:06:20.998178,4.0,197
1183,Ticket created by Limuel Ongtingco,2025-11-17 08:10:41.786933,1.0,198
1184,Ticket auto-assigned to Zxakira Napoles,2025-11-17 08:10:41.803711,1.0,198
1185,Ticket status automatically changed to Open by Zxakira Napoles viewing it.,2025-11-17 08:11:01.599938,3.0,198
1186,RT Ticket Number '1714' added by Limuel Ongtingco.,2025-11-17 08:18:47.430130,1.0,198
1187,Status changed from Open to In Progress by Limuel Ongtingco.,2025-11-17 08:18:47.430134,1.0,198
1188,Ticket created by Limuel Ongtingco,2025-11-18 00:03:45.423142,1.0,199
1189,Ticket auto-assigned to Zxakira Napoles,2025-11-18 00:03:45.440855,1.0,199
1190,Ticket reassigned from Zxakira Napoles to Sophia Paloma by Limuel Ongtingco.,2025-11-18 00:03:50.550577,1.0,199
1191,Ticket status automatically changed to Open by Sophia Paloma viewing it.,2025-11-18 00:04:01.673888,5.0,199
1192,Ticket created by Limuel Ongtingco,2025-11-18 00:04:21.142663,1.0,201
1193,Ticket auto-assigned to Zxakira Napoles,2025-11-18 00:04:21.147926,1.0,201
1194,Ticket reassigned from Zxakira Napoles to Limuel Ongtingco by Limuel Ongtingco.,2025-11-18 00:04:32.671687,1.0,201
1195,Ticket created by Limuel Ongtingco,2025-11-18 00:04:57.342710,1.0,202
1196,Ticket auto-assigned to Zxakira Napoles,2025-11-18 00:04:57.348632,1.0,202
1197,Ticket reassigned from Zxakira Napoles to Sophia Paloma by Limuel Ongtingco.,2025-11-18 00:05:02.840910,1.0,202
1198,Ticket created by Limuel Ongtingco,2025-11-18 00:05:47.174881,1.0,203
1199,Ticket auto-assigned to Zxakira Napoles,2025-11-18 00:05:47.178930,1.0,203
1200,Ticket reassigned from Zxakira Napoles to Limuel Ongtingco by Limuel Ongtingco.,2025-11-18 00:05:52.849418,1.0,203
1201,Ticket created by Limuel Ongtingco,2025-11-18 00:07:03.021492,1.0,205
1202,Ticket auto-assigned to Zxakira Napoles,2025-11-18 00:07:03.026935,1.0,205
1203,Ticket reassigned from Zxakira Napoles to Sophia Paloma by Limuel Ongtingco.,2025-11-18 00:07:12.756291,1.0,205
1204,Ticket status automatically changed to Open by Limuel Ongtingco viewing it.,2025-11-18 00:08:13.561830,4.0,201
1205,RT Ticket Number '1715' added by Sophia Paloma.,2025-11-18 00:13:19.394478,5.0,199
1206,Status changed from Open to In Progress by Sophia Paloma.,2025-11-18 00:13:19.394482,5.0,199
1207,Ticket status automatically changed to Open by Sophia Paloma viewing it.,2025-11-18 00:13:26.599148,5.0,202
1208,RT Ticket Number '1718' added by Limuel Ongtingco.,2025-11-18 00:14:10.313327,4.0,201
1209,Status changed from Open to In Progress by Limuel Ongtingco.,2025-11-18 00:14:10.313332,4.0,201
1210,Ticket status automatically changed to Open by Limuel Ongtingco viewing it.,2025-11-18 00:14:15.256722,4.0,203
1211,RT Ticket Number '1720' added by Sophia Paloma.,2025-11-18 00:20:11.955138,5.0,202
1212,Status changed from Open to In Progress by Sophia Paloma.,2025-11-18 00:20:11.955143,5.0,202
1213,Ticket status automatically changed to Open by Sophia Paloma viewing it.,2025-11-18 00:20:16.518015,5.0,205
1214,RT Ticket Number '1723' added by Limuel Ongtingco.,2025-11-18 00:22:49.827648,4.0,203
1215,Status changed from Open to In Progress by Limuel Ongtingco.,2025-11-18 00:22:49.827652,4.0,203
1216,RT Ticket Number '1724' added by Sophia Paloma.,2025-11-18 00:28:54.328304,5.0,205
1217,Status changed from Open to In Progress by Sophia Paloma.,2025-11-18 00:28:54.328307,5.0,205
1218,RT Ticket Number changed from '1432' to '1433' by Limuel Ongtingco.,2025-11-18 00:44:31.856955,1.0,12
1219,Remark added by Limuel Ongtingco: Technical Update: Ticket resolved [Thu Oct 30 17:56:01 2025],2025-11-18 00:45:25.351626,1.0,12
1220,Status changed from In Progress to Resolved by Limuel Ongtingco.,2025-11-18 00:45:25.351632,1.0,12
1221,Remark added by Limuel Ongtingco: Technical Update: Ticket Resolved [Thu Nov 13 07:14:28 2025],2025-11-18 00:47:08.986255,1.0,14
1222,Status changed from In Progress to Resolved by Limuel Ongtingco.,2025-11-18 00:47:08.986260,1.0,14
1223,Ticket created by Limuel Ongtingco,2025-11-18 00:50:36.436453,1.0,207
1224,Ticket auto-assigned to Zxakira Napoles,2025-11-18 00:50:36.441787,1.0,207
1225,Ticket reassigned from Zxakira Napoles to Limuel Ongtingco by Limuel Ongtingco.,2025-11-18 00:50:42.232542,1.0,207
1226,Ticket status automatically changed to Open by Limuel Ongtingco viewing it.,2025-11-18 00:50:50.025975,4.0,207
1227,RT Ticket Number '1726' added by Limuel Ongtingco.,2025-11-18 00:54:38.454774,4.0,207
1228,Status changed from Open to In Progress by Limuel Ongtingco.,2025-11-18 00:54:38.454778,4.0,207
1229,Remark added by Limuel Ongtingco: TECHNICAL UPDATE: TICKET RESOLVED [Tue Nov 18 09:15:22 2025],2025-11-18 01:19:26.989181,1.0,15
1230,Status changed from In Progress to Resolved by Limuel Ongtingco.,2025-11-18 01:19:26.989188,1.0,15
1231,Email log added by Limuel Ongtingco.,2025-11-18 01:32:13.544657,1.0,23
1232,Remark added by Limuel Ongtingco: Support team sent an email to check if the client is still experiencing a dowtime.,2025-11-18 01:32:43.656092,1.0,23
1233,Remark added by Limuel Ongtingco: The client continues to experience a persistent issue with not achieving the subscribed internet Mbps.,2025-11-18 01:43:00.552394,1.0,27
1234,Ticket created by Limuel Ongtingco,2025-11-18 01:45:00.967823,1.0,208
1235,Ticket auto-assigned to Zxakira Napoles,2025-11-18 01:45:00.980751,1.0,208
1236,Ticket status automatically changed to Open by Zxakira Napoles viewing it.,2025-11-18 01:45:16.067257,3.0,208
1237,RT Ticket Number '1728' added by Zxakira Napoles.,2025-11-18 02:24:57.683823,3.0,208
1238,Status changed from Open to In Progress by Zxakira Napoles.,2025-11-18 02:24:57.683826,3.0,208
1239,Status changed from In Progress to Resolved by Zxakira Napoles.,2025-11-18 02:30:03.923176,3.0,198
1240,Remark added by Limuel Ongtingco: The ticket was resolved. Sent an email to the client for the confirmation if internet has already been restored or not.,2025-11-18 06:15:02.195745,1.0,32
1241,Remark added by Limuel Ongtingco: Ticket has not been resolved. Tech team in progress.,2025-11-18 06:32:05.916369,1.0,36
1242,"Remark added by Limuel Ongtingco: Technical Team Update: This ticket is included in their target on-site visit today.
",2025-11-18 06:35:58.414742,1.0,42
1243,Remark added by Limuel Ongtingco: Technical Team Update: This ticket is included in their target on-site visit today.,2025-11-18 06:36:22.155950,1.0,43
1244,Email log added by Limuel Ongtingco.,2025-11-18 07:01:03.423157,1.0,40
1245,Remark added by Limuel Ongtingco: No response from the client. This ticket will set to resolved.,2025-11-18 07:01:38.282651,1.0,40
1246,Status changed from Pending to Resolved by Limuel Ongtingco.,2025-11-18 07:01:38.282654,1.0,40
1247,Email log added by Limuel Ongtingco.,2025-11-18 07:08:54.891724,1.0,45
1248,Remark added by Limuel Ongtingco: RESOLVED: the client has already sent a confirmation email,2025-11-18 07:09:24.691262,1.0,45
1249,Status changed from Pending to Resolved by Limuel Ongtingco.,2025-11-18 07:09:24.691266,1.0,45
1250,Ticket created by Limuel Ongtingco,2025-11-18 07:59:16.417288,1.0,210
1251,Ticket auto-assigned to Zxakira Napoles,2025-11-18 07:59:16.432722,1.0,210
1252,Ticket reassigned from Zxakira Napoles to Limuel Ongtingco by Limuel Ongtingco.,2025-11-18 07:59:24.890796,1.0,210
1253,Ticket created by Limuel Ongtingco,2025-11-18 07:59:47.034695,1.0,211
1254,Ticket auto-assigned to Zxakira Napoles,2025-11-18 07:59:47.115730,1.0,211
1255,Ticket status automatically changed to Open by Zxakira Napoles viewing it.,2025-11-18 08:00:22.410951,3.0,211
1256,Ticket created by Limuel Ongtingco,2025-11-18 08:01:37.446358,1.0,212
1257,Ticket auto-assigned to Zxakira Napoles,2025-11-18 08:01:37.453161,1.0,212
1258,Ticket reassigned from Zxakira Napoles to Sophia Paloma by Limuel Ongtingco.,2025-11-18 08:01:43.829753,1.0,212
1259,Ticket status automatically changed to Open by Sophia Paloma viewing it.,2025-11-18 08:03:06.162740,5.0,212
1260,RT Ticket Number '1732' added by Zxakira Napoles.,2025-11-18 08:12:16.041598,3.0,211
1261,Status changed from Open to In Progress by Zxakira Napoles.,2025-11-18 08:12:16.041602,3.0,211
1262,RT Ticket Number '1730' added by Sophia Paloma.,2025-11-18 08:21:23.617304,5.0,212
1263,Status changed from Open to Resolved by Sophia Paloma.,2025-11-18 08:21:23.617307,5.0,212
1264,Status changed from In Progress to Resolved by Sophia Paloma.,2025-11-18 08:21:31.707078,5.0,202
1265,Status changed from In Progress to Resolved by Sophia Paloma.,2025-11-18 08:21:41.054564,5.0,199
1266,Status changed from In Progress to Resolved by Sophia Paloma.,2025-11-18 08:21:54.946065,5.0,32
1267,"Remark added by Limuel Ongtingco: Tech team already completed the restoration of this ticket. Not yet resolved the ticket in the RT by the Tech team.
",2025-11-18 08:44:35.059267,1.0,56
1268,Status changed from In Progress to Resolved by Limuel Ongtingco.,2025-11-18 08:47:40.088507,1.0,69
1269,Remark added by Limuel Ongtingco: payment verified and received [Tue Nov 04 07:57:38 2025],2025-11-18 08:48:05.486805,1.0,69
1270,Ticket created by Limuel Ongtingco,2025-11-18 23:43:15.791581,1.0,213
1271,Ticket auto-assigned to Zxakira Napoles,2025-11-18 23:43:15.866280,1.0,213
1272,Ticket reassigned from Zxakira Napoles to Sophia Paloma by Limuel Ongtingco.,2025-11-18 23:44:16.911187,1.0,213
1273,Ticket status automatically changed to Open by Sophia Paloma viewing it.,2025-11-18 23:44:40.123101,5.0,213
1274,Remark added by Limuel Ongtingco: Ticket Resolved [Wed Nov 05 13:54:41 2025],2025-11-18 23:48:28.369369,1.0,97
1275,Status changed from In Progress to Resolved by Limuel Ongtingco.,2025-11-18 23:48:28.369372,1.0,97
1276,RT Ticket Number '1734' added by Sophia Paloma.,2025-11-18 23:49:58.697622,5.0,213
1277,Status changed from Open to In Progress by Sophia Paloma.,2025-11-18 23:49:58.697625,5.0,213
1278,Remark added by Limuel Ongtingco: Payment received and verified,2025-11-18 23:54:50.691472,1.0,197
1279,Status changed from In Progress to Resolved by Limuel Ongtingco.,2025-11-18 23:54:50.691476,1.0,197
1280,Remark added by Limuel Ongtingco: Payment received and verified,2025-11-19 00:02:08.596531,1.0,203
1281,Status changed from In Progress to Resolved by Limuel Ongtingco.,2025-11-19 00:02:08.596537,1.0,203
1282,Remark added by Limuel Ongtingco: payment received and verified,2025-11-19 00:06:02.502039,1.0,201
1283,Status changed from In Progress to Resolved by Limuel Ongtingco.,2025-11-19 00:06:02.502043,1.0,201
1284,Remark added by Limuel Ongtingco: The ticket will be reopened once the client provides an update or decision.,2025-11-19 01:01:11.769019,1.0,189
1285,Status changed from In Progress to Resolved by Limuel Ongtingco.,2025-11-19 01:01:11.769026,1.0,189
1286,Remark added by Limuel Ongtingco: Ticket has already been resolved.,2025-11-19 01:02:24.219294,1.0,180
1287,Status changed from In Progress to Resolved by Limuel Ongtingco.,2025-11-19 01:02:24.219300,1.0,180
1288,Remark added by Limuel Ongtingco: Payment for the month of August has been received and verified.,2025-11-19 02:24:45.518634,1.0,195
1289,Status changed from In Progress to Resolved by Limuel Ongtingco.,2025-11-19 02:24:45.518641,1.0,195
1290,Ticket created by Limuel Ongtingco,2025-11-19 02:25:09.567250,1.0,214
1291,Ticket auto-assigned to Zxakira Napoles,2025-11-19 02:25:09.653071,1.0,214
1292,Ticket reassigned from Zxakira Napoles to Limuel Ongtingco by Limuel Ongtingco.,2025-11-19 02:25:37.216461,1.0,214
1293,Ticket status automatically changed to Open by Limuel Ongtingco viewing it.,2025-11-19 02:25:40.640083,4.0,214
1294,RT Ticket Number '1736' added by Limuel Ongtingco.,2025-11-19 02:30:10.825885,4.0,214
1295,Status changed from Open to In Progress by Limuel Ongtingco.,2025-11-19 02:30:10.825890,4.0,214
1296,Ticket created by Limuel Ongtingco,2025-11-19 06:04:04.713769,1.0,215
1297,Ticket auto-assigned to Zxakira Napoles,2025-11-19 06:04:04.793128,1.0,215
1298,Ticket reassigned from Zxakira Napoles to Limuel Ongtingco by Limuel Ongtingco.,2025-11-19 06:04:12.871375,1.0,215
1299,Ticket status automatically changed to Open by Limuel Ongtingco viewing it.,2025-11-19 06:04:34.777045,4.0,215
1300,RT Ticket Number '1738' added by Limuel Ongtingco.,2025-11-19 06:36:39.149154,4.0,215
1301,Status changed from Open to In Progress by Limuel Ongtingco.,2025-11-19 06:36:39.149158,4.0,215
1302,Status changed from In Progress to Resolved by Limuel Ongtingco.,2025-11-19 06:48:43.289270,1.0,205
1303,Ticket created by Limuel Ongtingco,2025-11-19 08:27:26.614545,1.0,216
1304,Ticket auto-assigned to Zxakira Napoles,2025-11-19 08:27:26.626378,1.0,216
1305,Ticket reassigned from Zxakira Napoles to Sophia Paloma by Limuel Ongtingco.,2025-11-19 08:27:31.457470,1.0,216
1306,Ticket status automatically changed to Open by Sophia Paloma viewing it.,2025-11-19 08:29:03.241877,5.0,216
1307,Ticket created by Limuel Ongtingco,2025-11-19 08:29:14.772393,1.0,217
1308,Ticket auto-assigned to Zxakira Napoles,2025-11-19 08:29:14.776279,1.0,217
1309,Ticket reassigned from Zxakira Napoles to Limuel Ongtingco by Limuel Ongtingco.,2025-11-19 08:29:19.808779,1.0,217
1310,Ticket status automatically changed to Open by Limuel Ongtingco viewing it.,2025-11-19 08:29:28.685454,4.0,217
1311,RT Ticket Number '1740' added by Sophia Paloma.,2025-11-19 08:36:08.720514,5.0,216
1312,Status changed from Open to In Progress by Sophia Paloma.,2025-11-19 08:36:08.720518,5.0,216
1313,Ticket created by Limuel Ongtingco,2025-11-19 08:58:28.800360,1.0,218
1314,Ticket auto-assigned to Zxakira Napoles,2025-11-19 08:58:28.812376,1.0,218
1315,Ticket reassigned from Zxakira Napoles to Limuel Ongtingco by Limuel Ongtingco.,2025-11-19 08:58:34.159281,1.0,218
1316,Ticket status automatically changed to Open by Limuel Ongtingco viewing it.,2025-11-19 09:00:46.924788,4.0,218
1317,RT Ticket Number '1742' added by Limuel Ongtingco.,2025-11-19 09:10:43.716535,4.0,218
1318,Status changed from Open to In Progress by Limuel Ongtingco.,2025-11-19 09:10:43.716539,4.0,218
1319,RT Ticket Number '1744' added by Limuel Ongtingco.,2025-11-19 09:15:27.898042,4.0,217
1320,Status changed from Open to In Progress by Limuel Ongtingco.,2025-11-19 09:15:27.898046,4.0,217
1321,Ticket created by Limuel Ongtingco,2025-11-19 23:16:08.110563,1.0,219
1322,Ticket auto-assigned to Zxakira Napoles,2025-11-19 23:16:08.186331,1.0,219
1323,Ticket status automatically changed to Open by Zxakira Napoles viewing it.,2025-11-19 23:46:41.253430,3.0,219
1324,Remark added by Limuel Ongtingco: payment received and verified,2025-11-20 00:06:57.245237,1.0,211
1325,Status changed from In Progress to Resolved by Limuel Ongtingco.,2025-11-20 00:06:57.245242,1.0,211
1326,RT Ticket Number '1746' added by Zxakira Napoles.,2025-11-20 00:36:53.038098,3.0,219
1327,Status changed from Open to Resolved by Zxakira Napoles.,2025-11-20 00:36:53.038102,3.0,219
1328,Status changed from Resolved to In Progress by Zxakira Napoles.,2025-11-20 00:36:56.202189,3.0,219
1329,Ticket status automatically changed to Open by Limuel Ongtingco viewing it.,2025-11-20 01:27:12.258201,4.0,210
1330,RT Ticket Number '1748' added by Limuel Ongtingco.,2025-11-20 01:33:35.119178,4.0,210
1331,Status changed from Open to In Progress by Limuel Ongtingco.,2025-11-20 01:33:35.119183,4.0,210
1332,Ticket created by Limuel Ongtingco,2025-11-20 01:44:16.935752,1.0,220
1333,Ticket auto-assigned to Zxakira Napoles,2025-11-20 01:44:16.946430,1.0,220
1334,Ticket reassigned from Zxakira Napoles to Sophia Paloma by Limuel Ongtingco.,2025-11-20 01:44:22.566719,1.0,220
1335,Remark added by Limuel Ongtingco: Payment received and verified,2025-11-20 01:46:36.676234,4.0,217
1336,Status changed from In Progress to Resolved by Limuel Ongtingco.,2025-11-20 01:46:36.676238,4.0,217
1337,Ticket status automatically changed to Open by Sophia Paloma viewing it.,2025-11-20 01:47:05.038604,5.0,220
1338,RT Ticket Number '1750' added by Sophia Paloma.,2025-11-20 01:52:48.555966,5.0,220
1339,Status changed from Open to In Progress by Sophia Paloma.,2025-11-20 01:52:48.555971,5.0,220
1340,Remark added by Limuel Ongtingco: The service invoice has been processed,2025-11-20 02:22:17.823634,4.0,210
1341,Status changed from In Progress to Resolved by Limuel Ongtingco.,2025-11-20 02:22:17.823638,4.0,210
1342,Ticket created by Limuel Ongtingco,2025-11-20 05:45:19.642543,1.0,221
1343,Ticket auto-assigned to Zxakira Napoles,2025-11-20 05:45:19.661639,1.0,221
1344,Ticket status automatically changed to Open by Zxakira Napoles viewing it.,2025-11-20 05:45:56.151107,3.0,221
1345,RT Ticket Number '1752' added by Zxakira Napoles.,2025-11-20 05:49:11.233076,3.0,221
1346,Status changed from Open to In Progress by Zxakira Napoles.,2025-11-20 05:49:11.233081,3.0,221
1347,Status changed from In Progress to Resolved by Zxakira Napoles.,2025-11-20 05:49:26.321987,3.0,42
1348,Status changed from In Progress to Resolved by Zxakira Napoles.,2025-11-20 05:50:02.485257,3.0,54
1349,Ticket created by Limuel Ongtingco,2025-11-20 06:09:02.031218,1.0,222
1350,Ticket auto-assigned to Zxakira Napoles,2025-11-20 06:09:02.069866,1.0,222
1351,Ticket reassigned from Zxakira Napoles to Limuel Ongtingco by Limuel Ongtingco.,2025-11-20 06:09:06.299914,1.0,222
1352,Ticket status automatically changed to Open by Limuel Ongtingco viewing it.,2025-11-20 06:09:11.486337,4.0,222
1353,RT Ticket Number '1754' added by Limuel Ongtingco.,2025-11-20 06:12:16.257044,4.0,222
1354,Status changed from Open to In Progress by Limuel Ongtingco.,2025-11-20 06:12:16.257049,4.0,222
1355,Ticket created by Limuel Ongtingco,2025-11-20 08:59:51.052681,1.0,224
1356,Ticket auto-assigned to Zxakira Napoles,2025-11-20 08:59:51.148731,1.0,224
1357,Ticket reassigned from Zxakira Napoles to Sophia Paloma by Limuel Ongtingco.,2025-11-20 08:59:55.825380,1.0,224
1358,Ticket status automatically changed to Open by Sophia Paloma viewing it.,2025-11-20 09:00:07.865912,5.0,224
1359,RT Ticket Number '1756' added by Sophia Paloma.,2025-11-20 09:08:19.106954,5.0,224
1360,Status changed from Open to In Progress by Sophia Paloma.,2025-11-20 09:08:19.106958,5.0,224
1361,Ticket created by Limuel Ongtingco,2025-11-20 23:47:47.338963,1.0,225
1362,Ticket auto-assigned to Zxakira Napoles,2025-11-20 23:47:47.350023,1.0,225
1363,Ticket reassigned from Zxakira Napoles to Sophia Paloma by Limuel Ongtingco.,2025-11-20 23:47:51.295766,1.0,225
1364,Remark added by Limuel Ongtingco: rebate applied successfully,2025-11-21 00:44:38.289692,4.0,214
1365,Status changed from In Progress to Resolved by Limuel Ongtingco.,2025-11-21 00:44:38.289697,4.0,214
1366,Remark added by Limuel Ongtingco: payment received and verified,2025-11-21 05:26:02.494182,1.0,220
1367,Status changed from In Progress to Resolved by Limuel Ongtingco.,2025-11-21 05:26:02.494186,1.0,220
1368,RT Ticket Number '1758' added by Limuel Ongtingco.,2025-11-21 05:27:06.874001,1.0,225
1369,Status changed from New to Resolved by Limuel Ongtingco.,2025-11-21 05:27:06.874005,1.0,225
1370,Remark added by Limuel Ongtingco: ticket has been resolved,2025-11-25 00:56:05.776432,1.0,221
1371,Status changed from In Progress to Resolved by Limuel Ongtingco.,2025-11-25 00:56:05.776436,1.0,221
1372,Remark added by Limuel Ongtingco: payment received and verified,2025-11-25 00:59:34.347797,1.0,224
1373,Status changed from In Progress to Resolved by Limuel Ongtingco.,2025-11-25 00:59:34.347800,1.0,224
1374,Ticket created by Limuel Ongtingco,2025-11-25 01:03:01.201733,1.0,226
1375,Ticket auto-assigned to Zxakira Napoles,2025-11-25 01:03:01.212448,1.0,226
1376,Ticket reassigned from Zxakira Napoles to Sophia Paloma by Limuel Ongtingco.,2025-11-25 01:03:26.941547,1.0,226
1377,RT Ticket Number '1765' added by Limuel Ongtingco.,2025-11-25 01:03:26.941551,1.0,226
1378,Remark added by Limuel Ongtingco: Payment received and verified,2025-11-25 01:03:26.944786,1.0,226
1379,Status changed from New to Resolved by Limuel Ongtingco.,2025-11-25 01:03:26.944789,1.0,226
1380,Ticket created by Limuel Ongtingco,2025-11-25 01:05:05.791597,1.0,227
1381,Ticket auto-assigned to Zxakira Napoles,2025-11-25 01:05:05.798090,1.0,227
1382,Ticket reassigned from Zxakira Napoles to Sophia Paloma by Limuel Ongtingco.,2025-11-25 01:05:22.735788,1.0,227
1383,RT Ticket Number '1768' added by Limuel Ongtingco.,2025-11-25 01:05:22.735792,1.0,227
1384,Remark added by Limuel Ongtingco: payment received and verified,2025-11-25 01:05:22.743217,1.0,227
1385,Status changed from New to Resolved by Limuel Ongtingco.,2025-11-25 01:05:22.743223,1.0,227
1386,Ticket created by Limuel Ongtingco,2025-11-25 01:51:03.657240,1.0,228
1387,Ticket auto-assigned to Zxakira Napoles,2025-11-25 01:51:03.760743,1.0,228
1388,RT Ticket Number '1766' added by Limuel Ongtingco.,2025-11-25 01:51:23.000414,1.0,228
1389,Status changed from New to In Progress by Limuel Ongtingco.,2025-11-25 01:51:23.000418,1.0,228
1390,Ticket created by Limuel Ongtingco,2025-11-25 01:51:54.213524,1.0,229
1391,Ticket auto-assigned to Zxakira Napoles,2025-11-25 01:51:54.218917,1.0,229
1392,RT Ticket Number '1761' added by Limuel Ongtingco.,2025-11-25 01:52:07.187499,1.0,229
1393,Status changed from New to In Progress by Limuel Ongtingco.,2025-11-25 01:52:07.187502,1.0,229
1394,Ticket created by Limuel Ongtingco,2025-11-25 02:03:07.144333,1.0,230
1395,Ticket auto-assigned to Zxakira Napoles,2025-11-25 02:03:07.151457,1.0,230
1396,Ticket reassigned from Zxakira Napoles to Limuel Ongtingco by Limuel Ongtingco.,2025-11-25 02:03:10.896722,1.0,230
1397,Ticket status automatically changed to Open by Limuel Ongtingco viewing it.,2025-11-25 02:03:23.825408,4.0,230
1398,RT Ticket Number '1774' added by Limuel Ongtingco.,2025-11-25 02:06:01.188459,4.0,230
1399,Status changed from Open to In Progress by Limuel Ongtingco.,2025-11-25 02:06:01.188463,4.0,230
1400,Ticket created by Limuel Ongtingco,2025-11-25 02:18:50.188744,1.0,231
1401,Ticket auto-assigned to Zxakira Napoles,2025-11-25 02:18:50.195717,1.0,231
1402,Ticket reassigned from Zxakira Napoles to Limuel Ongtingco by Limuel Ongtingco.,2025-11-25 02:19:14.496284,1.0,231
1403,RT Ticket Number '1770' added by Limuel Ongtingco.,2025-11-25 02:19:14.496288,1.0,231
1404,Remark added by Limuel Ongtingco: rebate applied to her account,2025-11-25 02:19:14.499912,1.0,231
1405,Status changed from New to Resolved by Limuel Ongtingco.,2025-11-25 02:19:14.499917,1.0,231
1406,Remark added by Limuel Ongtingco: SOA has been generated,2025-11-25 02:23:40.711727,4.0,230
1407,Status changed from In Progress to Resolved by Limuel Ongtingco.,2025-11-25 02:23:40.711730,4.0,230
1408,Ticket created by Limuel Ongtingco,2025-11-25 04:01:37.692240,1.0,232
1409,Ticket auto-assigned to Zxakira Napoles,2025-11-25 04:01:37.784544,1.0,232
1410,Ticket reassigned from Zxakira Napoles to Limuel Ongtingco by Limuel Ongtingco.,2025-11-25 04:01:51.500111,1.0,232
1411,Ticket status automatically changed to Open by Limuel Ongtingco viewing it.,2025-11-25 04:02:15.149559,4.0,232
1412,Uploaded attachment: PoP_JANOHAN_JESSA_112525.jpeg,2025-11-25 04:03:46.246242,1.0,232
1413,RT Ticket Number '1776' added by Limuel Ongtingco.,2025-11-25 04:12:13.543015,4.0,232
1414,Status changed from Open to In Progress by Limuel Ongtingco.,2025-11-25 04:12:13.543019,4.0,232
1415,Ticket created by Limuel Ongtingco,2025-11-25 05:27:38.973338,1.0,233
1416,Ticket auto-assigned to Zxakira Napoles,2025-11-25 05:27:39.066779,1.0,233
1417,Ticket status automatically changed to Open by Zxakira Napoles viewing it.,2025-11-25 05:27:59.652545,3.0,233
1418,RT Ticket Number '1778' added by Zxakira Napoles.,2025-11-25 05:32:11.024624,3.0,233
1419,Status changed from Open to In Progress by Zxakira Napoles.,2025-11-25 05:32:11.024628,3.0,233
1420,Status changed from In Progress to Resolved by Zxakira Napoles.,2025-11-25 05:32:22.752384,3.0,161
1421,Ticket created by Limuel Ongtingco,2025-11-25 05:48:42.140883,1.0,234
1422,Ticket auto-assigned to Zxakira Napoles,2025-11-25 05:48:42.145180,1.0,234
1423,Ticket reassigned from Zxakira Napoles to Limuel Ongtingco by Limuel Ongtingco.,2025-11-25 05:48:47.141453,1.0,234
1424,Ticket status automatically changed to Open by Limuel Ongtingco viewing it.,2025-11-25 05:48:56.895173,4.0,234
1425,RT Ticket Number '1779' added by Limuel Ongtingco.,2025-11-25 07:15:09.608932,1.0,234
1426,Status changed from Open to Resolved by Limuel Ongtingco.,2025-11-25 07:15:09.608936,1.0,234
1427,Remark added by Limuel Ongtingco: disconnected in ABS,2025-11-25 07:15:40.120762,1.0,233
1428,Status changed from In Progress to Resolved by Limuel Ongtingco.,2025-11-25 07:15:40.120767,1.0,233
1429,Ticket created by Limuel Ongtingco,2025-11-25 07:16:42.122275,1.0,235
1430,Ticket auto-assigned to Zxakira Napoles,2025-11-25 07:16:42.134486,1.0,235
1431,RT Ticket Number '1781' added by Limuel Ongtingco.,2025-11-25 07:16:54.328675,1.0,235
1432,Status changed from New to In Progress by Limuel Ongtingco.,2025-11-25 07:16:54.328679,1.0,235
1,Ticket created by Michelle Cherry Fernandez,2025-10-24 02:49:56.941015,,1
2,Ticket auto-assigned to Sophia Paloma,2025-10-24 02:49:56.995113,,1
3,Ticket created by Michelle Cherry Fernandez,2025-10-24 02:50:18.746457,,2
4,Ticket auto-assigned to Limuel Ongtingco,2025-10-24 02:50:18.756861,,2
1433,Ticket created by Limuel Ongtingco,2025-11-26 00:17:12.210031,1.0,236
1434,Ticket auto-assigned to Zxakira Napoles,2025-11-26 00:17:12.326166,1.0,236
1435,Uploaded attachment: payment_receipt.jpg,2025-11-26 00:18:43.486170,1.0,236
1436,Ticket created by Limuel Ongtingco,2025-11-26 00:19:49.074897,1.0,237
1437,Ticket auto-assigned to Zxakira Napoles,2025-11-26 00:19:49.080486,1.0,237
1438,Uploaded attachment: payment_receipt.jpg,2025-11-26 00:19:57.144683,1.0,237
1439,Ticket created by Limuel Ongtingco,2025-11-26 00:20:10.387167,1.0,238
1440,Ticket auto-assigned to Zxakira Napoles,2025-11-26 00:20:10.393995,1.0,238
1441,Ticket reassigned from Zxakira Napoles to Sophia Paloma by Limuel Ongtingco.,2025-11-26 00:20:18.256444,1.0,237
1442,Ticket reassigned from Zxakira Napoles to Limuel Ongtingco by Limuel Ongtingco.,2025-11-26 00:20:25.428481,1.0,238
1443,Status changed from In Progress to Resolved by Sophia Paloma.,2025-11-26 00:25:07.280157,5.0,216
1444,Status changed from In Progress to Resolved by Sophia Paloma.,2025-11-26 00:25:36.601395,5.0,135
1445,Ticket status automatically changed to Open by Sophia Paloma viewing it.,2025-11-26 00:25:51.804146,5.0,237
1446,RT Ticket Number '1783' added by Sophia Paloma.,2025-11-26 00:36:37.409309,5.0,237
1447,Status changed from Open to In Progress by Sophia Paloma.,2025-11-26 00:36:37.409313,5.0,237
1448,Ticket status automatically changed to Open by Zxakira Napoles viewing it.,2025-11-26 00:44:40.759312,3.0,236
1449,Ticket status automatically changed to Open by Limuel Ongtingco viewing it.,2025-11-26 00:58:32.594746,4.0,238
1450,RT Ticket Number '1787' added by Limuel Ongtingco.,2025-11-26 01:02:19.145766,4.0,238
1451,Status changed from Open to In Progress by Limuel Ongtingco.,2025-11-26 01:02:19.145771,4.0,238
1452,Ticket created by Admin Ninja Turtle,2025-11-26 01:10:49.785200,1.0,239
1453,Ticket auto-assigned to Zxakira Napoles,2025-11-26 01:10:49.790730,1.0,239
1454,Ticket reassigned from Zxakira Napoles to Sophia Paloma by Admin Ninja Turtle.,2025-11-26 01:10:58.953901,1.0,239
1455,RT Ticket Number '1785' added by Admin Ninja Turtle.,2025-11-26 01:11:24.759952,1.0,236
1456,Status changed from Open to In Progress by Admin Ninja Turtle.,2025-11-26 01:11:26.929736,1.0,236
1457,Status changed from In Progress to Resolved by Zxakira Napoles.,2025-11-26 01:16:20.868062,3.0,208
1458,Ticket status automatically changed to Open by Sophia Paloma viewing it.,2025-11-26 04:33:23.529969,5.0,239
1459,Ticket created by Admin Ninja Turtle,2025-11-26 04:34:32.683558,1.0,240
1460,Ticket auto-assigned to Zxakira Napoles,2025-11-26 04:34:32.691676,1.0,240
1461,Ticket status automatically changed to Open by Zxakira Napoles viewing it.,2025-11-26 04:35:12.429364,3.0,240
1462,RT Ticket Number '1789' added by Sophia Paloma.,2025-11-26 04:37:11.060449,5.0,239
1463,Status changed from Open to In Progress by Sophia Paloma.,2025-11-26 04:37:11.060454,5.0,239
1464,RT Ticket Number '1791' added by Zxakira Napoles.,2025-11-26 05:05:29.973237,3.0,240
1465,Status changed from Open to In Progress by Zxakira Napoles.,2025-11-26 05:05:29.973242,3.0,240
1466,Status changed from In Progress to Resolved by Zxakira Napoles.,2025-11-26 05:05:41.371037,3.0,236
1467,Status changed from In Progress to Resolved by Zxakira Napoles.,2025-11-26 05:05:53.122117,3.0,235
1468,Remark added by Limuel Ongtingco: payment received and verified,2025-11-26 05:48:06.306311,4.0,232
1469,Status changed from In Progress to Resolved by Limuel Ongtingco.,2025-11-26 05:48:06.306316,4.0,232
1470,Ticket created by Admin Ninja Turtle,2025-11-26 06:39:53.036749,1.0,241
1471,Ticket auto-assigned to Zxakira Napoles,2025-11-26 06:39:53.238686,1.0,241
1472,Ticket reassigned from Zxakira Napoles to Sophia Paloma by Admin Ninja Turtle.,2025-11-26 06:40:08.435910,1.0,241
1473,Ticket status automatically changed to Open by Sophia Paloma viewing it.,2025-11-26 06:43:00.644800,5.0,241
1474,Ticket created by Admin Ninja Turtle,2025-11-26 07:09:06.002033,1.0,242
1475,Ticket auto-assigned to Zxakira Napoles,2025-11-26 07:09:06.098208,1.0,242
1476,Ticket reassigned from Zxakira Napoles to Sophia Paloma by Admin Ninja Turtle.,2025-11-26 07:09:15.433775,1.0,242
1477,Ticket created by Admin Ninja Turtle,2025-11-26 07:10:00.485243,1.0,243
1478,Ticket auto-assigned to Zxakira Napoles,2025-11-26 07:10:00.491511,1.0,243
1479,Ticket status automatically changed to Open by Sophia Paloma viewing it.,2025-11-26 07:24:35.712501,5.0,242
1480,Ticket status automatically changed to Open by Zxakira Napoles viewing it.,2025-11-26 07:29:15.787275,3.0,243
1481,RT Ticket Number '1795' added by Zxakira Napoles.,2025-11-26 07:31:36.316670,3.0,243
1482,Status changed from Open to In Progress by Zxakira Napoles.,2025-11-26 07:31:36.316674,3.0,243
1483,RT Ticket Number '1794' added by Sophia Paloma.,2025-11-26 07:33:36.960826,5.0,242
1484,Status changed from Open to In Progress by Sophia Paloma.,2025-11-26 07:33:36.960831,5.0,242
1485,Status changed from In Progress to Resolved by Sophia Paloma.,2025-11-26 07:33:53.700441,5.0,237
1486,RT Ticket Number '1796' added by Sophia Paloma.,2025-11-26 07:36:43.474727,5.0,241
1487,Status changed from Open to In Progress by Sophia Paloma.,2025-11-26 07:36:43.474732,5.0,241
1488,Status changed from In Progress to Resolved by Zxakira Napoles.,2025-11-27 02:10:37.680557,3.0,243
1489,Ticket created by Admin Ninja Turtle,2025-11-27 05:28:23.463794,1.0,244
1490,Ticket auto-assigned to Zxakira Napoles,2025-11-27 05:28:23.477390,1.0,244
1491,Ticket reassigned from Zxakira Napoles to Sophia Paloma by Admin Ninja Turtle.,2025-11-27 05:28:34.971594,1.0,244
1492,Status changed from In Progress to Resolved by Admin Ninja Turtle.,2025-11-27 05:28:56.265036,1.0,241
1493,Ticket status automatically changed to Open by Sophia Paloma viewing it.,2025-11-27 05:30:02.982177,5.0,244
1494,Ticket created by Admin Ninja Turtle,2025-11-27 06:26:21.965266,1.0,245
1495,Ticket auto-assigned to Zxakira Napoles,2025-11-27 06:26:22.056104,1.0,245
1496,Ticket status automatically changed to Open by Zxakira Napoles viewing it.,2025-11-27 06:29:23.870052,3.0,245
1497,RT Ticket Number '1801' added by Zxakira Napoles.,2025-11-27 06:30:56.396556,3.0,245
1498,Status changed from Open to Resolved by Zxakira Napoles.,2025-11-27 06:30:56.396560,3.0,245
1499,Ticket created by Admin Ninja Turtle,2025-11-27 07:51:19.165043,1.0,246
1500,Ticket auto-assigned to Zxakira Napoles,2025-11-27 07:51:19.268639,1.0,246
1501,Ticket reassigned from Zxakira Napoles to Sophia Paloma by Admin Ninja Turtle.,2025-11-27 07:51:28.126450,1.0,246
1502,RT Ticket Number '1800' added by Sophia Paloma.,2025-11-27 08:05:39.369161,5.0,244
1503,Ticket status automatically changed to Open by Sophia Paloma viewing it.,2025-11-27 08:05:46.842119,5.0,246
1504,RT Ticket Number '1803' added by Sophia Paloma.,2025-11-27 08:09:00.094497,5.0,246
1505,Status changed from Open to In Progress by Sophia Paloma.,2025-11-27 08:09:00.094502,5.0,246
1506,Ticket created by Admin Ninja Turtle,2025-11-28 00:03:19.259585,1.0,247
1507,Ticket auto-assigned to Zxakira Napoles,2025-11-28 00:03:19.349048,1.0,247
1508,Ticket reassigned from Zxakira Napoles to Limuel Ongtingco by Admin Ninja Turtle.,2025-11-28 00:03:28.078333,1.0,247
1509,Remark added by Limuel Ongtingco: payment received and verified,2025-11-28 00:03:44.776282,4.0,238
1510,Status changed from In Progress to Resolved by Limuel Ongtingco.,2025-11-28 00:03:44.776289,4.0,238
1511,Ticket status automatically changed to Open by Limuel Ongtingco viewing it.,2025-11-28 00:04:01.937899,4.0,247
1512,Ticket created by Admin Ninja Turtle,2025-11-28 00:51:12.572779,1.0,248
1513,Ticket auto-assigned to Zxakira Napoles,2025-11-28 00:51:12.652687,1.0,248
1514,Ticket status automatically changed to Open by Zxakira Napoles viewing it.,2025-11-28 00:51:38.323126,3.0,248
1515,Status changed from Open to Resolved by Zxakira Napoles.,2025-11-28 05:36:38.001994,3.0,248
1516,Status changed from In Progress to Resolved by Zxakira Napoles.,2025-11-28 05:36:51.148634,3.0,240
1517,Ticket created by Admin Ninja Turtle,2025-11-28 08:55:43.677564,1.0,249
1518,Ticket auto-assigned to Zxakira Napoles,2025-11-28 08:55:43.777657,1.0,249
1519,Ticket status automatically changed to Open by Zxakira Napoles viewing it.,2025-11-28 08:56:00.052376,3.0,249
1520,RT Ticket Number '1809' added by Zxakira Napoles.,2025-11-28 09:01:25.699638,3.0,249
1521,Status changed from Open to In Progress by Zxakira Napoles.,2025-11-28 09:01:25.699644,3.0,249
1522,Ticket created by Admin Ninja Turtle,2025-11-30 23:37:13.257158,1.0,250
1523,Ticket auto-assigned to Zxakira Napoles,2025-11-30 23:37:13.355557,1.0,250
1524,Ticket reassigned from Zxakira Napoles to Sophia Paloma by Admin Ninja Turtle.,2025-11-30 23:37:26.885869,1.0,250
1525,Ticket created by Admin Ninja Turtle,2025-11-30 23:39:53.022650,1.0,251
1526,Ticket auto-assigned to Zxakira Napoles,2025-11-30 23:39:53.136419,1.0,251
1527,Ticket created by Admin Ninja Turtle,2025-11-30 23:41:45.729732,1.0,252
1528,Ticket auto-assigned to Zxakira Napoles,2025-11-30 23:41:45.750930,1.0,252
1529,Ticket reassigned from Zxakira Napoles to Sophia Paloma by Admin Ninja Turtle.,2025-11-30 23:41:52.717995,1.0,252
1530,Ticket created by Admin Ninja Turtle,2025-11-30 23:42:50.547797,1.0,253
1531,Ticket auto-assigned to Zxakira Napoles,2025-11-30 23:42:50.555634,1.0,253
1532,Ticket status automatically changed to Open by Sophia Paloma viewing it.,2025-11-30 23:46:38.463480,5.0,250
1533,RT Ticket Number '1811' added by Sophia Paloma.,2025-11-30 23:50:18.383460,5.0,250
1534,Status changed from Open to In Progress by Sophia Paloma.,2025-11-30 23:50:18.383465,5.0,250
1535,Ticket status automatically changed to Open by Sophia Paloma viewing it.,2025-11-30 23:50:40.746398,5.0,252
1536,Ticket status automatically changed to Open by Zxakira Napoles viewing it.,2025-11-30 23:52:57.609040,3.0,251
1537,RT Ticket Number '1815' added by Zxakira Napoles.,2025-12-01 00:02:00.704310,3.0,251
1538,Status changed from Open to In Progress by Zxakira Napoles.,2025-12-01 00:02:00.704315,3.0,251
1539,Ticket status automatically changed to Open by Zxakira Napoles viewing it.,2025-12-01 00:02:05.389723,3.0,253
1540,RT Ticket Number '1816' added by Zxakira Napoles.,2025-12-01 00:05:44.642113,3.0,253
1541,Status changed from Open to In Progress by Zxakira Napoles.,2025-12-01 00:05:44.642116,3.0,253
1542,RT Ticket Number '1813' added by Sophia Paloma.,2025-12-01 00:15:25.140344,5.0,252
1543,Status changed from Open to In Progress by Sophia Paloma.,2025-12-01 00:15:25.140347,5.0,252
1544,Ticket created by Admin Ninja Turtle,2025-12-01 00:17:15.665542,1.0,254
1545,Ticket auto-assigned to Zxakira Napoles,2025-12-01 00:17:15.671230,1.0,254
1546,Ticket reassigned from Zxakira Napoles to Sophia Paloma by Admin Ninja Turtle.,2025-12-01 00:17:25.903785,1.0,254
1547,Ticket created by Admin Ninja Turtle,2025-12-01 00:21:06.145701,1.0,255
1548,Ticket auto-assigned to Zxakira Napoles,2025-12-01 00:21:06.158816,1.0,255
1549,Ticket created by Admin Ninja Turtle,2025-12-01 00:21:23.237836,1.0,256
1550,Ticket auto-assigned to Zxakira Napoles,2025-12-01 00:21:23.245553,1.0,256
1551,Ticket reassigned from Zxakira Napoles to Sophia Paloma by Admin Ninja Turtle.,2025-12-01 00:21:30.005663,1.0,256
1552,Ticket status automatically changed to Open by Zxakira Napoles viewing it.,2025-12-01 00:21:54.147712,3.0,255
1553,RT Ticket Number '1819' added by Zxakira Napoles.,2025-12-01 00:25:19.381763,3.0,255
1554,Status changed from Open to In Progress by Zxakira Napoles.,2025-12-01 00:25:19.381767,3.0,255
1555,Status changed from Open to Resolved by Sophia Paloma.,2025-12-01 00:27:47.543662,5.0,244
1556,Status changed from In Progress to Resolved by Zxakira Napoles.,2025-12-01 00:32:04.033431,3.0,111
1557,Status changed from In Progress to Resolved by Zxakira Napoles.,2025-12-01 00:33:04.553240,3.0,219
1558,Status changed from In Progress to Resolved by Zxakira Napoles.,2025-12-01 00:33:31.033528,3.0,108
1559,Ticket status automatically changed to Open by Sophia Paloma viewing it.,2025-12-01 00:37:37.792273,5.0,254
1560,RT Ticket Number '1821' added by Sophia Paloma.,2025-12-01 00:43:40.518374,5.0,254
1561,Status changed from Open to In Progress by Sophia Paloma.,2025-12-01 00:43:40.518381,5.0,254
1562,Ticket status automatically changed to Open by Sophia Paloma viewing it.,2025-12-01 00:43:44.486550,5.0,256
1563,RT Ticket Number '1823' added by Sophia Paloma.,2025-12-01 00:48:47.747136,5.0,256
1564,Status changed from Open to In Progress by Sophia Paloma.,2025-12-01 00:48:47.747141,5.0,256
1565,RT Ticket Number '1805' added by Limuel Ongtingco.,2025-12-01 01:00:20.856952,4.0,247
1566,Status changed from Open to In Progress by Limuel Ongtingco.,2025-12-01 01:00:20.856956,4.0,247
1567,Ticket created by Admin Ninja Turtle,2025-12-01 03:32:19.534293,1.0,257
1568,Ticket auto-assigned to Zxakira Napoles,2025-12-01 03:32:19.844296,1.0,257
1569,Ticket status automatically changed to Open by Zxakira Napoles viewing it.,2025-12-01 03:32:38.161016,3.0,257
1570,RT Ticket Number '1825' added by Zxakira Napoles.,2025-12-01 03:35:05.759564,3.0,257
1571,Status changed from Open to In Progress by Zxakira Napoles.,2025-12-01 03:35:05.759568,3.0,257
1572,Ticket created by Admin Ninja Turtle,2025-12-01 23:29:02.917211,1.0,258
1573,Ticket auto-assigned to Zxakira Napoles,2025-12-01 23:29:03.020211,1.0,258
1574,Ticket reassigned from Zxakira Napoles to Sophia Paloma by Admin Ninja Turtle.,2025-12-01 23:29:08.148811,1.0,258
1575,Ticket status automatically changed to Open by Sophia Paloma viewing it.,2025-12-01 23:52:52.953645,5.0,258
1576,RT Ticket Number '1827' added by Sophia Paloma.,2025-12-01 23:57:23.471704,5.0,258
1577,Status changed from Open to In Progress by Sophia Paloma.,2025-12-01 23:57:23.471708,5.0,258
1578,Status changed from In Progress to Resolved by Sophia Paloma.,2025-12-02 00:49:41.994468,5.0,258
1579,Status changed from In Progress to Resolved by Sophia Paloma.,2025-12-02 00:49:50.587765,5.0,256
1580,Status changed from In Progress to Resolved by Sophia Paloma.,2025-12-02 00:49:58.144479,5.0,252
1581,Status changed from In Progress to Resolved by Sophia Paloma.,2025-12-02 00:50:06.364975,5.0,254
1582,Status changed from In Progress to Resolved by Sophia Paloma.,2025-12-02 00:50:13.012392,5.0,242
1583,Status changed from In Progress to Resolved by Sophia Paloma.,2025-12-02 00:50:20.923108,5.0,250
1584,Status changed from In Progress to Resolved by Sophia Paloma.,2025-12-02 00:50:28.042583,5.0,246
1585,Status changed from In Progress to Resolved by Zxakira Napoles.,2025-12-02 07:54:39.097746,3.0,257
1586,Status changed from In Progress to Resolved by Zxakira Napoles.,2025-12-02 07:54:48.113280,3.0,255
1587,Status changed from In Progress to Resolved by Zxakira Napoles.,2025-12-02 07:54:53.988033,3.0,253
1588,Status changed from In Progress to Resolved by Zxakira Napoles.,2025-12-02 07:54:59.831057,3.0,251
1589,Ticket created by Admin Ninja Turtle,2025-12-02 23:00:19.706540,1.0,259
1590,Ticket auto-assigned to Zxakira Napoles,2025-12-02 23:00:19.814251,1.0,259
1591,Ticket status automatically changed to Open by Zxakira Napoles viewing it.,2025-12-02 23:32:13.408652,3.0,259
1592,RT Ticket Number '1829' added by Zxakira Napoles.,2025-12-02 23:35:14.939397,3.0,259
1593,Status changed from Open to In Progress by Zxakira Napoles.,2025-12-02 23:35:14.939401,3.0,259
1594,Ticket created by Admin Ninja Turtle,2025-12-03 05:48:03.559592,1.0,260
1595,Ticket auto-assigned to Zxakira Napoles,2025-12-03 05:48:03.662064,1.0,260
1896,Ticket created by Admin Ninja Turtle,2025-12-22 06:07:03.382492,1.0,307
1596,Ticket reassigned from Zxakira Napoles to Sophia Paloma by Admin Ninja Turtle.,2025-12-03 05:48:11.530732,1.0,260
1597,Ticket created by Admin Ninja Turtle,2025-12-04 04:16:59.825033,1.0,261
1598,Ticket auto-assigned to Zxakira Napoles,2025-12-04 04:16:59.925975,1.0,261
1599,Ticket created by Admin Ninja Turtle,2025-12-04 04:18:21.509868,1.0,262
1600,Ticket auto-assigned to Zxakira Napoles,2025-12-04 04:18:21.528650,1.0,262
1601,Ticket reassigned from Zxakira Napoles to Sophia Paloma by Admin Ninja Turtle.,2025-12-04 04:18:27.083010,1.0,262
1602,Ticket status automatically changed to Open by Zxakira Napoles viewing it.,2025-12-04 04:19:09.283402,3.0,261
1603,RT Ticket Number '1833' added by Zxakira Napoles.,2025-12-04 04:22:39.470970,3.0,261
1604,Status changed from Open to In Progress by Zxakira Napoles.,2025-12-04 04:22:39.470974,3.0,261
1605,Ticket status automatically changed to Open by Sophia Paloma viewing it.,2025-12-04 04:26:57.233813,5.0,260
1606,RT Ticket Number '1831' added by Sophia Paloma.,2025-12-04 04:27:17.231926,5.0,260
1607,Status changed from Open to Resolved by Sophia Paloma.,2025-12-04 04:27:17.231930,5.0,260
1608,Ticket status automatically changed to Open by Sophia Paloma viewing it.,2025-12-04 04:27:26.237225,5.0,262
1609,RT Ticket Number '1837' added by Sophia Paloma.,2025-12-04 04:45:03.622430,5.0,262
1610,Status changed from Open to Resolved by Sophia Paloma.,2025-12-04 04:45:03.622435,5.0,262
1611,Ticket created by Admin Ninja Turtle,2025-12-05 00:44:51.192456,1.0,263
1612,Ticket auto-assigned to Zxakira Napoles,2025-12-05 00:44:51.292085,1.0,263
1613,Ticket status automatically changed to Open by Zxakira Napoles viewing it.,2025-12-05 00:45:25.006369,3.0,263
1614,RT Ticket Number '1839' added by Zxakira Napoles.,2025-12-05 00:49:45.185546,3.0,263
1615,Status changed from Open to In Progress by Zxakira Napoles.,2025-12-05 00:49:45.185549,3.0,263
1616,Status changed from In Progress to Resolved by Zxakira Napoles.,2025-12-05 00:50:04.126943,3.0,261
1617,Status changed from In Progress to Resolved by Zxakira Napoles.,2025-12-05 00:50:12.345050,3.0,229
1618,Status changed from In Progress to Resolved by Zxakira Napoles.,2025-12-05 00:50:19.398101,3.0,228
1619,Status changed from In Progress to Resolved by Zxakira Napoles.,2025-12-05 00:50:34.794844,3.0,118
1620,Ticket created by Admin Ninja Turtle,2025-12-05 01:03:59.702972,1.0,264
1621,Ticket auto-assigned to Zxakira Napoles,2025-12-05 01:03:59.708619,1.0,264
1622,Ticket reassigned from Zxakira Napoles to Sophia Paloma by Admin Ninja Turtle.,2025-12-05 01:04:07.049551,1.0,264
1623,Ticket created by Admin Ninja Turtle,2025-12-08 22:57:52.742966,1.0,265
1624,Ticket auto-assigned to Zxakira Napoles,2025-12-08 22:57:52.838457,1.0,265
1625,Ticket created by Admin Ninja Turtle,2025-12-08 22:58:22.032337,1.0,266
1626,Ticket auto-assigned to Zxakira Napoles,2025-12-08 22:58:22.036979,1.0,266
1627,Ticket reassigned from Zxakira Napoles to Sophia Paloma by Admin Ninja Turtle.,2025-12-08 22:58:27.112531,1.0,266
1628,Ticket created by Admin Ninja Turtle,2025-12-08 22:59:18.109848,1.0,267
1629,Ticket auto-assigned to Zxakira Napoles,2025-12-08 22:59:18.128178,1.0,267
1630,Ticket created by Admin Ninja Turtle,2025-12-08 23:01:22.789248,1.0,268
1631,Ticket auto-assigned to Zxakira Napoles,2025-12-08 23:01:22.796066,1.0,268
1632,Ticket reassigned from Zxakira Napoles to Sophia Paloma by Admin Ninja Turtle.,2025-12-08 23:01:29.510857,1.0,268
1633,Ticket status automatically changed to Open by Zxakira Napoles viewing it.,2025-12-08 23:02:55.492405,3.0,265
1634,RT Ticket Number '1841' added by Zxakira Napoles.,2025-12-08 23:07:28.883376,3.0,265
1635,Status changed from Open to In Progress by Zxakira Napoles.,2025-12-08 23:07:28.883381,3.0,265
1636,Ticket status automatically changed to Open by Sophia Paloma viewing it.,2025-12-08 23:07:58.677703,5.0,266
1637,Ticket created by Admin Ninja Turtle,2025-12-08 23:09:16.601817,1.0,269
1638,Ticket auto-assigned to Zxakira Napoles,2025-12-08 23:09:16.626313,1.0,269
1639,Ticket created by Admin Ninja Turtle,2025-12-08 23:11:50.388036,1.0,270
1640,Ticket auto-assigned to Zxakira Napoles,2025-12-08 23:11:50.394662,1.0,270
1641,Ticket reassigned from Zxakira Napoles to Sophia Paloma by Admin Ninja Turtle.,2025-12-08 23:11:58.754179,1.0,270
1642,RT Ticket Number '1842' added by Sophia Paloma.,2025-12-08 23:13:43.557821,5.0,266
1643,Status changed from Open to In Progress by Sophia Paloma.,2025-12-08 23:13:43.557825,5.0,266
1644,Ticket status automatically changed to Open by Sophia Paloma viewing it.,2025-12-08 23:13:49.474292,5.0,264
1645,RT Ticket Number '1845' added by Sophia Paloma.,2025-12-08 23:23:46.530554,5.0,264
1646,Status changed from Open to In Progress by Sophia Paloma.,2025-12-08 23:23:46.530558,5.0,264
1647,Ticket status automatically changed to Open by Sophia Paloma viewing it.,2025-12-08 23:24:02.321344,5.0,270
1648,RT Ticket Number '1847' added by Sophia Paloma.,2025-12-08 23:42:22.639208,5.0,270
1649,Status changed from Open to In Progress by Sophia Paloma.,2025-12-08 23:42:22.639213,5.0,270
1650,Ticket status automatically changed to Open by Sophia Paloma viewing it.,2025-12-08 23:42:27.669651,5.0,268
1651,Ticket status automatically changed to Open by Zxakira Napoles viewing it.,2025-12-08 23:43:39.295480,3.0,267
1652,RT Ticket Number '1849' added by Zxakira Napoles.,2025-12-08 23:49:26.804195,3.0,267
1653,Status changed from Open to In Progress by Zxakira Napoles.,2025-12-08 23:49:26.804199,3.0,267
1654,Ticket status automatically changed to Open by Zxakira Napoles viewing it.,2025-12-08 23:57:51.436105,3.0,269
1655,RT Ticket Number '1851' added by Zxakira Napoles.,2025-12-09 00:01:56.848694,3.0,269
1656,Status changed from Open to In Progress by Zxakira Napoles.,2025-12-09 00:01:56.848700,3.0,269
1657,Status changed from In Progress to Resolved by Zxakira Napoles.,2025-12-09 00:09:05.570163,3.0,70
1658,Remark added by Admin Ninja Turtle: Apply rebates on the clients' next billing statement na lang.,2025-12-09 00:38:16.155323,1.0,268
1659,RT Ticket Number '1853' added by Sophia Paloma.,2025-12-09 01:59:44.705280,5.0,268
1660,Status changed from Open to In Progress by Sophia Paloma.,2025-12-09 01:59:53.426518,5.0,268
1661,Status changed from In Progress to Resolved by Sophia Paloma.,2025-12-09 02:26:57.348461,5.0,268
1662,Status changed from In Progress to Resolved by Sophia Paloma.,2025-12-09 02:27:09.511216,5.0,266
1663,Status changed from In Progress to Resolved by Sophia Paloma.,2025-12-09 02:30:17.110463,5.0,239
1664,Status changed from In Progress to Resolved by Sophia Paloma.,2025-12-09 02:30:52.826446,5.0,213
1665,Status changed from In Progress to Resolved by Sophia Paloma.,2025-12-09 02:31:54.619377,5.0,191
1666,Status changed from In Progress to Resolved by Sophia Paloma.,2025-12-09 02:32:09.529666,5.0,170
1667,Status changed from In Progress to Resolved by Sophia Paloma.,2025-12-09 02:33:36.512328,5.0,166
1668,Status changed from In Progress to Resolved by Sophia Paloma.,2025-12-09 02:35:46.059873,5.0,151
1669,Status changed from In Progress to Resolved by Sophia Paloma.,2025-12-09 02:36:49.020388,5.0,141
1897,Ticket auto-assigned to Sophia Paloma,2025-12-22 06:07:03.476406,1.0,307
1670,Status changed from In Progress to Resolved by Sophia Paloma.,2025-12-09 02:37:52.122796,5.0,131
1671,Status changed from In Progress to Resolved by Sophia Paloma.,2025-12-09 02:38:17.513037,5.0,126
1672,Status changed from In Progress to Resolved by Sophia Paloma.,2025-12-09 02:38:33.852876,5.0,122
1673,Status changed from In Progress to Resolved by Sophia Paloma.,2025-12-09 02:39:24.255661,5.0,119
1674,Status changed from In Progress to Resolved by Sophia Paloma.,2025-12-09 02:39:40.376203,5.0,116
1675,Status changed from In Progress to Resolved by Sophia Paloma.,2025-12-09 02:40:26.608106,5.0,112
1676,Ticket created by Admin Ninja Turtle,2025-12-09 02:40:42.249699,1.0,271
1677,Ticket auto-assigned to Sophia Paloma,2025-12-09 02:40:42.603217,1.0,271
1678,Ticket reassigned from Sophia Paloma to Zxakira Napoles by Admin Ninja Turtle.,2025-12-09 02:41:45.780155,1.0,271
1679,Ticket created by Admin Ninja Turtle,2025-12-09 02:42:06.614054,1.0,272
1680,Ticket auto-assigned to Sophia Paloma,2025-12-09 02:42:06.621989,1.0,272
1681,Status changed from In Progress to Resolved by Sophia Paloma.,2025-12-09 02:42:11.790943,5.0,109
1682,Ticket status automatically changed to Open by Zxakira Napoles viewing it.,2025-12-09 02:42:25.618435,3.0,271
1683,Status changed from In Progress to Resolved by Sophia Paloma.,2025-12-09 02:42:32.535438,5.0,105
1684,Status changed from In Progress to Resolved by Sophia Paloma.,2025-12-09 02:42:53.760099,5.0,102
1685,Status changed from In Progress to Resolved by Sophia Paloma.,2025-12-09 02:43:09.197329,5.0,76
1686,Status changed from In Progress to Resolved by Sophia Paloma.,2025-12-09 02:43:33.467992,5.0,71
1687,Status changed from In Progress to Resolved by Sophia Paloma.,2025-12-09 02:44:00.113615,5.0,74
1688,RT Ticket Number '1855' added by Zxakira Napoles.,2025-12-09 02:44:45.847167,3.0,271
1689,Status changed from Open to In Progress by Zxakira Napoles.,2025-12-09 02:44:45.847171,3.0,271
1690,Status changed from In Progress to Resolved by Sophia Paloma.,2025-12-09 02:44:53.712245,5.0,55
1691,Status changed from In Progress to Resolved by Sophia Paloma.,2025-12-09 02:45:09.264688,5.0,52
1692,Status changed from Pending to Resolved by Sophia Paloma.,2025-12-09 02:45:25.448110,5.0,82
1693,Status changed from In Progress to Resolved by Sophia Paloma.,2025-12-09 02:45:35.150276,5.0,36
1694,Status changed from Pending to Resolved by Sophia Paloma.,2025-12-09 02:45:41.697105,5.0,23
1695,Ticket status automatically changed to Open by Sophia Paloma viewing it.,2025-12-09 02:45:47.794463,5.0,272
1696,RT Ticket Number '1857' added by Sophia Paloma.,2025-12-09 02:56:36.378534,5.0,272
1697,Status changed from Open to In Progress by Sophia Paloma.,2025-12-09 02:56:36.378539,5.0,272
1698,Ticket created by Admin Ninja Turtle,2025-12-09 05:02:46.220262,1.0,273
1699,Ticket auto-assigned to Sophia Paloma,2025-12-09 05:02:46.309024,1.0,273
1700,Remark added by Admin Ninja Turtle: account status in ABS is active.,2025-12-09 05:03:37.385420,1.0,273
1701,Ticket status automatically changed to Open by Sophia Paloma viewing it.,2025-12-09 05:05:10.544286,5.0,273
1702,RT Ticket Number '1860' added by Sophia Paloma.,2025-12-09 05:11:29.577498,5.0,273
1703,Status changed from Open to In Progress by Sophia Paloma.,2025-12-09 05:11:29.577503,5.0,273
1704,Ticket created by Admin Ninja Turtle,2025-12-09 05:13:35.409071,1.0,274
1705,Ticket auto-assigned to Sophia Paloma,2025-12-09 05:13:35.483538,1.0,274
1706,Ticket reassigned from Sophia Paloma to Zxakira Napoles by Admin Ninja Turtle.,2025-12-09 05:13:41.406238,1.0,274
1707,Ticket status automatically changed to Open by Zxakira Napoles viewing it.,2025-12-09 05:13:58.456219,3.0,274
1708,RT Ticket Number '1862' added by Zxakira Napoles.,2025-12-09 05:16:16.979651,3.0,274
1709,Status changed from Open to In Progress by Zxakira Napoles.,2025-12-09 05:16:16.979656,3.0,274
1710,Status changed from In Progress to Resolved by Zxakira Napoles.,2025-12-09 05:52:08.906556,3.0,265
1711,Status changed from In Progress to Resolved by Zxakira Napoles.,2025-12-09 05:52:16.591004,3.0,263
1712,Status changed from In Progress to Resolved by Zxakira Napoles.,2025-12-09 05:52:25.969060,3.0,267
1715,Ticket created by Admin Ninja Turtle,2025-12-09 05:59:04.463643,1.0,276
1716,Ticket auto-assigned to Sophia Paloma,2025-12-09 05:59:04.524073,1.0,276
1717,Ticket reassigned from Sophia Paloma to Zxakira Napoles by Admin Ninja Turtle.,2025-12-09 05:59:28.096354,1.0,276
1718,Ticket created by Admin Ninja Turtle,2025-12-09 06:00:42.015229,1.0,277
1719,Ticket auto-assigned to Sophia Paloma,2025-12-09 06:00:42.024415,1.0,277
1724,Ticket status automatically changed to Open by Sophia Paloma viewing it.,2025-12-09 06:02:17.380992,5.0,277
1725,Ticket created by Admin Ninja Turtle,2025-12-09 06:15:55.921170,1.0,279
1726,Ticket auto-assigned to Sophia Paloma,2025-12-09 06:15:55.929790,1.0,279
1727,Ticket reassigned from Sophia Paloma to Zxakira Napoles by Admin Ninja Turtle.,2025-12-09 06:17:21.736987,1.0,279
1728,Ticket status automatically changed to Open by Zxakira Napoles viewing it.,2025-12-09 06:17:36.709369,3.0,279
1729,RT Ticket Number '1864' added by Zxakira Napoles.,2025-12-09 06:20:29.713576,3.0,279
1730,Status changed from Open to In Progress by Zxakira Napoles.,2025-12-09 06:20:29.713580,3.0,279
1731,Ticket created by Admin Ninja Turtle,2025-12-09 23:16:12.546496,1.0,280
1732,Ticket auto-assigned to Sophia Paloma,2025-12-09 23:16:12.625357,1.0,280
1733,Status changed from In Progress to Resolved by Zxakira Napoles.,2025-12-10 01:38:49.397362,3.0,279
1734,Status changed from In Progress to Resolved by Zxakira Napoles.,2025-12-10 01:38:58.331399,3.0,249
1735,Status changed from In Progress to Resolved by Zxakira Napoles.,2025-12-10 01:39:06.987295,3.0,259
1736,Ticket status automatically changed to Open by Sophia Paloma viewing it.,2025-12-10 01:39:48.618899,5.0,280
1737,Status changed from In Progress to Resolved by Zxakira Napoles.,2025-12-10 01:40:30.562523,3.0,274
1738,RT Ticket Number '1866' added by Sophia Paloma.,2025-12-10 01:43:45.212940,5.0,280
1739,Status changed from Open to In Progress by Sophia Paloma.,2025-12-10 01:43:45.212944,5.0,280
1740,Status changed from In Progress to Resolved by Sophia Paloma.,2025-12-10 02:08:42.959326,5.0,273
1741,Status changed from In Progress to Resolved by Sophia Paloma.,2025-12-10 02:08:54.178267,5.0,272
1742,Ticket created by Admin Ninja Turtle,2025-12-10 03:04:48.992836,1.0,281
1743,Ticket auto-assigned to Sophia Paloma,2025-12-10 03:04:49.008040,1.0,281
1744,Ticket status automatically changed to Open by Sophia Paloma viewing it.,2025-12-10 03:24:05.578188,5.0,281
1745,Ticket created by Admin Ninja Turtle,2025-12-10 03:24:09.016573,1.0,282
1746,Ticket auto-assigned to Sophia Paloma,2025-12-10 03:24:09.033236,1.0,282
1747,Ticket reassigned from Sophia Paloma to Zxakira Napoles by Admin Ninja Turtle.,2025-12-10 03:24:15.140542,1.0,282
1748,RT Ticket Number '1868' added by Sophia Paloma.,2025-12-10 03:24:30.064782,5.0,281
1749,Status changed from Open to Resolved by Sophia Paloma.,2025-12-10 03:24:30.064786,5.0,281
1750,Ticket status automatically changed to Open by Zxakira Napoles viewing it.,2025-12-10 03:24:30.499614,3.0,282
1751,RT Ticket Number '1870' added by Zxakira Napoles.,2025-12-10 03:27:11.000673,3.0,282
1752,Status changed from Open to In Progress by Zxakira Napoles.,2025-12-10 03:27:11.000679,3.0,282
1753,Ticket created by Admin Ninja Turtle,2025-12-10 08:08:27.169671,1.0,283
1754,Ticket auto-assigned to Sophia Paloma,2025-12-10 08:08:27.271083,1.0,283
1755,Ticket reassigned from Sophia Paloma to Zxakira Napoles by Admin Ninja Turtle.,2025-12-10 08:08:33.534453,1.0,283
1756,Ticket status automatically changed to Open by Zxakira Napoles viewing it.,2025-12-10 08:08:46.533741,3.0,283
1757,RT Ticket Number '1872' added by Zxakira Napoles.,2025-12-10 08:10:45.279895,3.0,283
1758,Status changed from Open to In Progress by Zxakira Napoles.,2025-12-10 08:10:45.279899,3.0,283
1759,Ticket created by Admin Ninja Turtle,2025-12-10 22:53:44.337387,1.0,284
1760,Ticket auto-assigned to Sophia Paloma,2025-12-10 22:53:44.349253,1.0,284
1761,Ticket status automatically changed to Open by Sophia Paloma viewing it.,2025-12-10 23:06:38.353854,5.0,284
1762,RT Ticket Number '1874' added by Sophia Paloma.,2025-12-10 23:13:23.546230,5.0,284
1763,Status changed from Open to In Progress by Sophia Paloma.,2025-12-10 23:13:23.546234,5.0,284
1764,Status changed from In Progress to Resolved by Zxakira Napoles.,2025-12-11 02:57:17.082541,3.0,283
1765,Status changed from In Progress to Resolved by Zxakira Napoles.,2025-12-11 02:57:25.939775,3.0,282
1766,Status changed from Open to Resolved by Sophia Paloma.,2025-12-11 04:06:03.855561,5.0,277
1767,Ticket created by Admin Ninja Turtle,2025-12-11 08:59:28.975420,1.0,285
1768,Ticket auto-assigned to Sophia Paloma,2025-12-11 08:59:29.373113,1.0,285
1769,Ticket reassigned from Sophia Paloma to Zxakira Napoles by Admin Ninja Turtle.,2025-12-11 08:59:36.525011,1.0,285
1770,Ticket status automatically changed to Open by Zxakira Napoles viewing it.,2025-12-11 08:59:55.386381,3.0,285
1771,RT Ticket Number '1875' added by Zxakira Napoles.,2025-12-11 09:06:25.470490,3.0,285
1772,Status changed from Open to Resolved by Zxakira Napoles.,2025-12-11 09:06:25.470496,3.0,285
1773,Status changed from In Progress to Resolved by Sophia Paloma.,2025-12-12 00:07:42.641173,5.0,280
1774,Status changed from In Progress to Resolved by Sophia Paloma.,2025-12-12 00:07:54.341835,5.0,284
1775,Ticket created by Admin Ninja Turtle,2025-12-12 02:03:22.521582,1.0,286
1776,Ticket auto-assigned to Sophia Paloma,2025-12-12 02:03:22.547093,1.0,286
1777,Ticket status automatically changed to Open by Sophia Paloma viewing it.,2025-12-12 02:04:42.324325,5.0,286
1778,Ticket created by Admin Ninja Turtle,2025-12-12 07:58:40.932983,1.0,287
1779,Ticket auto-assigned to Sophia Paloma,2025-12-12 07:58:41.023052,1.0,287
1780,Ticket reassigned from Sophia Paloma to Zxakira Napoles by Admin Ninja Turtle.,2025-12-12 07:58:48.516063,1.0,287
1781,Ticket created by Admin Ninja Turtle,2025-12-12 07:59:09.223948,1.0,288
1782,Ticket auto-assigned to Sophia Paloma,2025-12-12 07:59:09.233948,1.0,288
1783,Ticket status automatically changed to Open by Zxakira Napoles viewing it.,2025-12-12 07:59:50.194098,3.0,287
1784,RT Ticket Number '1879' added by Zxakira Napoles.,2025-12-12 08:02:55.968997,3.0,287
1785,Status changed from Open to In Progress by Zxakira Napoles.,2025-12-12 08:02:55.969002,3.0,287
1786,Ticket created by Admin Ninja Turtle,2025-12-14 23:03:25.697806,1.0,289
1787,Ticket auto-assigned to Sophia Paloma,2025-12-14 23:03:25.791437,1.0,289
1788,Ticket reassigned from Sophia Paloma to Zxakira Napoles by Admin Ninja Turtle.,2025-12-14 23:03:45.347110,1.0,289
1789,Status changed from New to In Progress by Admin Ninja Turtle.,2025-12-14 23:03:45.347115,1.0,289
1790,RT Ticket Number '1881' added by Zxakira Napoles.,2025-12-14 23:07:56.313987,3.0,289
1791,Ticket status automatically changed to Open by Sophia Paloma viewing it.,2025-12-15 01:19:56.985059,5.0,288
1792,RT Ticket Number '1883' added by Sophia Paloma.,2025-12-15 01:25:31.236486,5.0,288
1793,Status changed from Open to Resolved by Sophia Paloma.,2025-12-15 01:25:31.236490,5.0,288
1794,Ticket created by Admin Ninja Turtle,2025-12-15 02:02:09.546916,1.0,290
1795,Ticket auto-assigned to Sophia Paloma,2025-12-15 02:02:09.560125,1.0,290
1796,Ticket status automatically changed to Open by Sophia Paloma viewing it.,2025-12-15 04:44:31.324113,5.0,290
1797,Ticket created by Admin Ninja Turtle,2025-12-15 05:34:37.360351,1.0,291
1798,Ticket auto-assigned to Sophia Paloma,2025-12-15 05:34:37.448904,1.0,291
1799,Ticket reassigned from Sophia Paloma to Zxakira Napoles by Admin Ninja Turtle.,2025-12-15 05:34:47.173711,1.0,291
1800,Ticket status automatically changed to Open by Zxakira Napoles viewing it.,2025-12-15 05:35:58.189297,3.0,291
1801,RT Ticket Number '1887' added by Zxakira Napoles.,2025-12-15 05:38:08.317708,3.0,291
1802,Status changed from Open to In Progress by Zxakira Napoles.,2025-12-15 05:38:08.317712,3.0,291
1803,Ticket created by Admin Ninja Turtle,2025-12-15 06:34:11.056944,1.0,292
1804,Ticket auto-assigned to Sophia Paloma,2025-12-15 06:34:11.149619,1.0,292
1805,Ticket status automatically changed to Open by Sophia Paloma viewing it.,2025-12-15 08:30:36.709340,5.0,292
1806,Ticket created by Admin Ninja Turtle,2025-12-15 08:31:20.918074,1.0,293
1807,Ticket auto-assigned to Sophia Paloma,2025-12-15 08:31:21.005362,1.0,293
1808,Ticket created by Admin Ninja Turtle,2025-12-15 08:32:20.309360,1.0,294
1809,Ticket auto-assigned to Sophia Paloma,2025-12-15 08:32:20.394952,1.0,294
1810,Ticket reassigned from Sophia Paloma to Zxakira Napoles by Admin Ninja Turtle.,2025-12-15 08:32:24.809050,1.0,294
1811,RT Ticket Number '1889' added by Sophia Paloma.,2025-12-15 08:41:32.811826,5.0,292
1812,Status changed from Open to In Progress by Sophia Paloma.,2025-12-15 08:41:32.811831,5.0,292
1813,Ticket status automatically changed to Open by Sophia Paloma viewing it.,2025-12-15 08:41:36.719490,5.0,293
1814,RT Ticket Number '1891' added by Sophia Paloma.,2025-12-15 08:43:53.516149,5.0,293
1815,Status changed from Open to Resolved by Sophia Paloma.,2025-12-15 08:43:53.516154,5.0,293
1816,Status changed from In Progress to Resolved by Zxakira Napoles.,2025-12-15 08:52:26.708011,3.0,291
1817,Status changed from In Progress to Resolved by Zxakira Napoles.,2025-12-15 08:52:34.221880,3.0,269
1818,Ticket status automatically changed to Open by Zxakira Napoles viewing it.,2025-12-15 08:52:45.330962,3.0,294
1819,RT Ticket Number '1893' added by Zxakira Napoles.,2025-12-15 08:59:33.818037,3.0,294
1820,Status changed from Open to In Progress by Zxakira Napoles.,2025-12-15 08:59:33.818041,3.0,294
1821,Ticket created by Admin Ninja Turtle,2025-12-15 23:00:05.408163,1.0,295
1822,Ticket auto-assigned to Sophia Paloma,2025-12-15 23:00:05.507895,1.0,295
1823,Ticket created by Admin Ninja Turtle,2025-12-15 23:00:37.642844,1.0,296
1824,Ticket auto-assigned to Sophia Paloma,2025-12-15 23:00:37.696049,1.0,296
1825,Ticket reassigned from Sophia Paloma to Zxakira Napoles by Admin Ninja Turtle.,2025-12-15 23:00:44.042212,1.0,296
1826,Status changed from In Progress to Resolved by Zxakira Napoles.,2025-12-15 23:07:46.537806,3.0,289
1827,Status changed from In Progress to Resolved by Zxakira Napoles.,2025-12-15 23:07:54.307229,3.0,287
1828,Ticket status automatically changed to Open by Zxakira Napoles viewing it.,2025-12-15 23:08:06.677613,3.0,296
1829,RT Ticket Number '1895' added by Zxakira Napoles.,2025-12-15 23:11:08.144043,3.0,296
1830,Status changed from Open to In Progress by Zxakira Napoles.,2025-12-15 23:11:08.144047,3.0,296
1831,Ticket status automatically changed to Open by Sophia Paloma viewing it.,2025-12-15 23:31:36.128061,5.0,295
1832,RT Ticket Number '1885' added by Sophia Paloma.,2025-12-16 01:35:03.732779,5.0,290
1833,Status changed from Open to Resolved by Sophia Paloma.,2025-12-16 01:35:03.732786,5.0,290
1834,RT Ticket Number '1876' added by Sophia Paloma.,2025-12-16 01:35:32.020524,5.0,286
1835,Status changed from Open to In Progress by Sophia Paloma.,2025-12-16 01:35:32.020528,5.0,286
1836,Status changed from Open to Resolved by Sophia Paloma.,2025-12-16 01:35:39.216349,5.0,295
1837,Ticket created by Admin Ninja Turtle,2025-12-16 06:35:19.997741,1.0,297
1838,Ticket auto-assigned to Sophia Paloma,2025-12-16 06:35:20.088648,1.0,297
1839,Ticket status automatically changed to Open by Sophia Paloma viewing it.,2025-12-16 06:36:36.431293,5.0,297
1840,RT Ticket Number '1898' added by Sophia Paloma.,2025-12-16 06:39:16.940814,5.0,297
1841,Status changed from Open to In Progress by Sophia Paloma.,2025-12-16 06:39:16.940820,5.0,297
1842,Ticket created by Admin Ninja Turtle,2025-12-16 23:11:27.088372,1.0,298
1843,Ticket auto-assigned to Sophia Paloma,2025-12-16 23:11:27.191047,1.0,298
1844,Ticket reassigned from Sophia Paloma to Zxakira Napoles by Admin Ninja Turtle.,2025-12-16 23:11:35.551626,1.0,298
1845,Ticket created by Admin Ninja Turtle,2025-12-16 23:12:14.071679,1.0,299
1846,Ticket auto-assigned to Sophia Paloma,2025-12-16 23:12:14.079684,1.0,299
1847,Ticket status automatically changed to Open by Zxakira Napoles viewing it.,2025-12-16 23:14:31.397792,3.0,298
1848,RT Ticket Number '1900' added by Zxakira Napoles.,2025-12-16 23:17:54.416726,3.0,298
1849,Status changed from Open to In Progress by Zxakira Napoles.,2025-12-16 23:17:54.416731,3.0,298
1850,Ticket reassigned from Sophia Paloma to Zxakira Napoles by Admin Ninja Turtle.,2025-12-17 00:12:11.201387,1.0,299
1851,Ticket status automatically changed to Open by Zxakira Napoles viewing it.,2025-12-17 00:12:24.680186,3.0,299
1852,RT Ticket Number '1902' added by Zxakira Napoles.,2025-12-17 00:14:56.119188,3.0,299
1853,Status changed from Open to In Progress by Zxakira Napoles.,2025-12-17 00:14:56.119192,3.0,299
1854,Ticket created by Admin Ninja Turtle,2025-12-17 05:37:52.324663,1.0,300
1855,Ticket auto-assigned to Sophia Paloma,2025-12-17 05:37:52.515699,1.0,300
1856,Ticket reassigned from Sophia Paloma to Zxakira Napoles by Admin Ninja Turtle.,2025-12-17 05:37:59.511556,1.0,300
1857,Ticket status automatically changed to Open by Zxakira Napoles viewing it.,2025-12-17 05:38:24.679463,3.0,300
1858,RT Ticket Number '1906' added by Zxakira Napoles.,2025-12-17 05:40:42.826035,3.0,300
1859,Status changed from Open to In Progress by Zxakira Napoles.,2025-12-17 05:40:42.826041,3.0,300
1860,Ticket created by Admin Ninja Turtle,2025-12-18 01:13:31.107945,1.0,301
1861,Ticket auto-assigned to Sophia Paloma,2025-12-18 01:13:31.128548,1.0,301
1862,Remark added by Admin Ninja Turtle: No internet connection din pala,2025-12-18 01:14:23.758693,1.0,301
1863,Ticket created by Admin Ninja Turtle,2025-12-18 01:20:37.218593,1.0,302
1864,Ticket auto-assigned to Sophia Paloma,2025-12-18 01:20:37.226055,1.0,302
1865,Ticket status automatically changed to Open by Sophia Paloma viewing it.,2025-12-18 01:23:09.853147,5.0,302
1866,RT Ticket Number '1912' added by Sophia Paloma.,2025-12-18 01:29:10.325814,5.0,302
1867,Status changed from Open to In Progress by Sophia Paloma.,2025-12-18 01:29:10.325820,5.0,302
1868,Ticket status automatically changed to Open by Sophia Paloma viewing it.,2025-12-18 03:10:17.244755,5.0,301
1869,RT Ticket Number '1914' added by Sophia Paloma.,2025-12-18 03:13:46.462250,5.0,301
1870,Status changed from Open to In Progress by Sophia Paloma.,2025-12-18 03:13:46.462256,5.0,301
1871,Ticket created by Admin Ninja Turtle,2025-12-21 23:10:53.875394,1.0,303
1872,Ticket auto-assigned to Sophia Paloma,2025-12-21 23:10:53.964080,1.0,303
1873,Ticket status automatically changed to Open by Sophia Paloma viewing it.,2025-12-21 23:20:29.603992,5.0,303
1874,RT Ticket Number '1919' added by Sophia Paloma.,2025-12-21 23:26:20.537646,5.0,303
1875,Status changed from Open to In Progress by Sophia Paloma.,2025-12-21 23:26:20.537650,5.0,303
1876,Ticket created by Admin Ninja Turtle,2025-12-22 00:17:24.701609,1.0,304
1877,Ticket auto-assigned to Sophia Paloma,2025-12-22 00:17:24.796510,1.0,304
1878,Ticket reassigned from Sophia Paloma to Zxakira Napoles by Admin Ninja Turtle.,2025-12-22 00:17:30.721149,1.0,304
1879,Ticket status automatically changed to Open by Zxakira Napoles viewing it.,2025-12-22 00:17:47.666044,3.0,304
1880,RT Ticket Number '1922' added by Zxakira Napoles.,2025-12-22 00:47:59.902466,3.0,304
1881,Status changed from Open to In Progress by Zxakira Napoles.,2025-12-22 00:47:59.902471,3.0,304
1882,Ticket created by Admin Ninja Turtle,2025-12-22 00:48:24.317596,1.0,305
1883,Ticket auto-assigned to Sophia Paloma,2025-12-22 00:48:24.387578,1.0,305
1884,Ticket reassigned from Sophia Paloma to Zxakira Napoles by Admin Ninja Turtle.,2025-12-22 02:40:28.199533,1.0,305
1885,Ticket status automatically changed to Open by Zxakira Napoles viewing it.,2025-12-22 02:40:43.325449,3.0,305
1886,RT Ticket Number '1924' added by Zxakira Napoles.,2025-12-22 02:43:42.490101,3.0,305
1887,Ticket created by Admin Ninja Turtle,2025-12-22 03:08:25.113907,1.0,306
1888,Ticket auto-assigned to Sophia Paloma,2025-12-22 03:08:25.222697,1.0,306
1889,Ticket status automatically changed to Open by Sophia Paloma viewing it.,2025-12-22 05:35:35.742486,5.0,306
1890,RT Ticket Number '1926' added by Sophia Paloma.,2025-12-22 05:35:41.716386,5.0,306
1891,Status changed from Open to In Progress by Sophia Paloma.,2025-12-22 05:35:41.716392,5.0,306
1892,Status changed from In Progress to Resolved by Sophia Paloma.,2025-12-22 05:37:08.313063,5.0,301
1893,Status changed from In Progress to Resolved by Sophia Paloma.,2025-12-22 05:37:16.080256,5.0,303
1894,Status changed from In Progress to Resolved by Sophia Paloma.,2025-12-22 05:37:24.961676,5.0,302
1895,Status changed from In Progress to Resolved by Sophia Paloma.,2025-12-22 05:37:41.505049,5.0,292
1898,Ticket reassigned from Sophia Paloma to Zxakira Napoles by Admin Ninja Turtle.,2025-12-22 06:07:10.697026,1.0,307
1899,Status changed from Open to In Progress by Zxakira Napoles.,2025-12-22 06:07:41.382485,3.0,305
1900,Status changed from In Progress to Resolved by Zxakira Napoles.,2025-12-22 06:07:49.456986,3.0,304
1901,Status changed from In Progress to Resolved by Zxakira Napoles.,2025-12-22 06:07:56.216072,3.0,298
1902,Status changed from In Progress to Resolved by Zxakira Napoles.,2025-12-22 06:08:09.349370,3.0,296
1903,Ticket status automatically changed to Open by Zxakira Napoles viewing it.,2025-12-22 06:08:18.286563,3.0,307
1904,RT Ticket Number '1928' added by Zxakira Napoles.,2025-12-22 06:12:01.766617,3.0,307
1905,Status changed from Open to In Progress by Zxakira Napoles.,2025-12-22 06:12:01.766620,3.0,307
1906,Ticket created by Admin Ninja Turtle,2025-12-22 06:13:04.625708,1.0,308
1907,Ticket auto-assigned to Sophia Paloma,2025-12-22 06:13:04.631478,1.0,308
1908,Ticket created by Admin Ninja Turtle,2025-12-22 07:17:04.068614,1.0,309
1909,Ticket auto-assigned to Sophia Paloma,2025-12-22 07:17:04.166125,1.0,309
1910,Ticket reassigned from Sophia Paloma to Zxakira Napoles by Admin Ninja Turtle.,2025-12-22 07:17:11.850801,1.0,309
1911,Ticket status automatically changed to Open by Zxakira Napoles viewing it.,2025-12-22 07:17:42.673394,3.0,309
1912,RT Ticket Number '1930' added by Zxakira Napoles.,2025-12-22 07:20:08.885867,3.0,309
1913,Status changed from Open to In Progress by Zxakira Napoles.,2025-12-22 07:20:08.885873,3.0,309
1914,Ticket status automatically changed to Open by Sophia Paloma viewing it.,2025-12-22 07:21:13.462873,5.0,308
1915,RT Ticket Number '1932' added by Sophia Paloma.,2025-12-22 07:26:19.618109,5.0,308
1916,Status changed from Open to In Progress by Sophia Paloma.,2025-12-22 07:26:19.618113,5.0,308
1917,Ticket created by Admin Ninja Turtle,2025-12-22 09:42:43.729361,1.0,310
1918,Ticket auto-assigned to Sophia Paloma,2025-12-22 09:42:43.830640,1.0,310
1919,Ticket status automatically changed to Open by Sophia Paloma viewing it.,2025-12-22 23:18:08.342521,5.0,310
1920,RT Ticket Number '1934' added by Sophia Paloma.,2025-12-22 23:26:51.789278,5.0,310
1921,Status changed from Open to In Progress by Sophia Paloma.,2025-12-22 23:26:51.789283,5.0,310
1922,Ticket created by Admin Ninja Turtle,2025-12-23 01:03:55.028998,1.0,311
1923,Ticket auto-assigned to Sophia Paloma,2025-12-23 01:03:55.127675,1.0,311
1924,RT Ticket Number '1936' added by Admin Ninja Turtle.,2025-12-23 01:04:14.486147,1.0,311
1925,Status changed from New to In Progress by Admin Ninja Turtle.,2025-12-23 01:04:14.486151,1.0,311
1926,Status changed from In Progress to Resolved by Admin Ninja Turtle.,2025-12-23 01:04:35.906368,1.0,311
1927,Ticket created by Admin Ninja Turtle,2025-12-23 01:05:08.403518,1.0,312
1928,Ticket auto-assigned to Sophia Paloma,2025-12-23 01:05:08.428162,1.0,312
1929,RT Ticket Number '1938' added by Admin Ninja Turtle.,2025-12-23 01:05:20.325541,1.0,312
1930,Status changed from New to Resolved by Admin Ninja Turtle.,2025-12-23 01:05:20.325546,1.0,312
